USE [ry_net]
GO

-- ----------------------------
-- 1、部门表
-- ----------------------------
IF object_id(N'[dbo].[sys_dept]', N'U') IS NOT NULL
	DROP TABLE [dbo].[sys_dept]

SET ANSI_NULLS ON
GO
SET QUOTED_IDENTIFIER ON
GO
CREATE TABLE [dbo].[sys_dept](
	[dept_id] [bigint] IDENTITY(1,1) NOT NULL,
	[parent_id] [bigint] NOT NULL,
	[ancestors] [varchar](50) NOT NULL,
	[dept_name] [varchar](30) NOT NULL,
	[order_num] [int] NOT NULL,
	[leader] [varchar](20) NULL,
	[phone] [varchar](11) NULL,
	[email] [varchar](50) NULL,
	[status] [char](1) NOT NULL,
	[del_flag] [char](1) NOT NULL,
	[create_by] [varchar](64) NULL,
	[create_time] [datetime] NULL,
	[update_by] [varchar](64) NULL,
	[update_time] [datetime] NULL,
 CONSTRAINT [PK_sys_dept] PRIMARY KEY CLUSTERED 
(
	[dept_id] ASC
)WITH (PAD_INDEX = OFF, STATISTICS_NORECOMPUTE = OFF, IGNORE_DUP_KEY = OFF, ALLOW_ROW_LOCKS = ON, ALLOW_PAGE_LOCKS = ON) ON [PRIMARY]
) ON [PRIMARY]
GO

ALTER TABLE [dbo].[sys_dept] ADD  CONSTRAINT [DF_sys_dept_parent_id]  DEFAULT ((0)) FOR [parent_id]
GO
ALTER TABLE [dbo].[sys_dept] ADD  CONSTRAINT [DF_sys_dept_order_num]  DEFAULT ((0)) FOR [order_num]
GO
ALTER TABLE [dbo].[sys_dept] ADD  CONSTRAINT [DF_sys_dept_status]  DEFAULT ((0)) FOR [status]
GO
ALTER TABLE [dbo].[sys_dept] ADD  CONSTRAINT [DF_sys_dept_del_flag]  DEFAULT ((0)) FOR [del_flag]
GO

EXEC sys.sp_addextendedproperty @name=N'MS_Description', @value=N'部门id' , @level0type=N'SCHEMA',@level0name=N'dbo', @level1type=N'TABLE',@level1name=N'sys_dept', @level2type=N'COLUMN',@level2name=N'dept_id'
GO
EXEC sys.sp_addextendedproperty @name=N'MS_Description', @value=N'父部门id' , @level0type=N'SCHEMA',@level0name=N'dbo', @level1type=N'TABLE',@level1name=N'sys_dept', @level2type=N'COLUMN',@level2name=N'parent_id'
GO
EXEC sys.sp_addextendedproperty @name=N'MS_Description', @value=N'祖级列表' , @level0type=N'SCHEMA',@level0name=N'dbo', @level1type=N'TABLE',@level1name=N'sys_dept', @level2type=N'COLUMN',@level2name=N'ancestors'
GO
EXEC sys.sp_addextendedproperty @name=N'MS_Description', @value=N'部门名称' , @level0type=N'SCHEMA',@level0name=N'dbo', @level1type=N'TABLE',@level1name=N'sys_dept', @level2type=N'COLUMN',@level2name=N'dept_name'
GO
EXEC sys.sp_addextendedproperty @name=N'MS_Description', @value=N'显示顺序' , @level0type=N'SCHEMA',@level0name=N'dbo', @level1type=N'TABLE',@level1name=N'sys_dept', @level2type=N'COLUMN',@level2name=N'order_num'
GO
EXEC sys.sp_addextendedproperty @name=N'MS_Description', @value=N'负责人' , @level0type=N'SCHEMA',@level0name=N'dbo', @level1type=N'TABLE',@level1name=N'sys_dept', @level2type=N'COLUMN',@level2name=N'leader'
GO
EXEC sys.sp_addextendedproperty @name=N'MS_Description', @value=N'联系电话' , @level0type=N'SCHEMA',@level0name=N'dbo', @level1type=N'TABLE',@level1name=N'sys_dept', @level2type=N'COLUMN',@level2name=N'phone'
GO
EXEC sys.sp_addextendedproperty @name=N'MS_Description', @value=N'邮箱' , @level0type=N'SCHEMA',@level0name=N'dbo', @level1type=N'TABLE',@level1name=N'sys_dept', @level2type=N'COLUMN',@level2name=N'email'
GO
EXEC sys.sp_addextendedproperty @name=N'MS_Description', @value=N'部门状态（0正常 1停用）' , @level0type=N'SCHEMA',@level0name=N'dbo', @level1type=N'TABLE',@level1name=N'sys_dept', @level2type=N'COLUMN',@level2name=N'status'
GO
EXEC sys.sp_addextendedproperty @name=N'MS_Description', @value=N'删除标志（0代表存在 2代表删除）' , @level0type=N'SCHEMA',@level0name=N'dbo', @level1type=N'TABLE',@level1name=N'sys_dept', @level2type=N'COLUMN',@level2name=N'del_flag'
GO
EXEC sys.sp_addextendedproperty @name=N'MS_Description', @value=N'创建者' , @level0type=N'SCHEMA',@level0name=N'dbo', @level1type=N'TABLE',@level1name=N'sys_dept', @level2type=N'COLUMN',@level2name=N'create_by'
GO
EXEC sys.sp_addextendedproperty @name=N'MS_Description', @value=N'创建时间' , @level0type=N'SCHEMA',@level0name=N'dbo', @level1type=N'TABLE',@level1name=N'sys_dept', @level2type=N'COLUMN',@level2name=N'create_time'
GO
EXEC sys.sp_addextendedproperty @name=N'MS_Description', @value=N'更新者' , @level0type=N'SCHEMA',@level0name=N'dbo', @level1type=N'TABLE',@level1name=N'sys_dept', @level2type=N'COLUMN',@level2name=N'update_by'
GO
EXEC sys.sp_addextendedproperty @name=N'MS_Description', @value=N'更新时间' , @level0type=N'SCHEMA',@level0name=N'dbo', @level1type=N'TABLE',@level1name=N'sys_dept', @level2type=N'COLUMN',@level2name=N'update_time'
GO
EXEC sys.sp_addextendedproperty @name=N'MS_Description', @value=N'部门表' , @level0type=N'SCHEMA',@level0name=N'dbo', @level1type=N'TABLE',@level1name=N'sys_dept'
GO

-- ----------------------------
-- 初始化-部门表数据
-- ----------------------------
SET IDENTITY_INSERT [dbo].[sys_dept] ON 
GO
INSERT INTO [dbo].[sys_dept] (dept_id,parent_id,ancestors,dept_name,order_num,leader,phone,email,status,del_flag,create_by,create_time,update_by,update_time) VALUES
(100,  0,   '0',          '若依科技',   0, '若依', '15888888888', 'ry@qq.com', '0', '0', 'admin', GETDATE(), '', null),
(101,  100, '0,100',      '深圳总公司', 1, '若依', '15888888888', 'ry@qq.com', '0', '0', 'admin', GETDATE(), '', null),
(102,  100, '0,100',      '长沙分公司', 2, '若依', '15888888888', 'ry@qq.com', '0', '0', 'admin', GETDATE(), '', null),
(103,  101, '0,100,101',  '研发部门',   1, '若依', '15888888888', 'ry@qq.com', '0', '0', 'admin', GETDATE(), '', null),
(104,  101, '0,100,101',  '市场部门',   2, '若依', '15888888888', 'ry@qq.com', '0', '0', 'admin', GETDATE(), '', null),
(105,  101, '0,100,101',  '测试部门',   3, '若依', '15888888888', 'ry@qq.com', '0', '0', 'admin', GETDATE(), '', null),
(106,  101, '0,100,101',  '财务部门',   4, '若依', '15888888888', 'ry@qq.com', '0', '0', 'admin', GETDATE(), '', null),
(107,  101, '0,100,101',  '运维部门',   5, '若依', '15888888888', 'ry@qq.com', '0', '0', 'admin', GETDATE(), '', null),
(108,  102, '0,100,102',  '市场部门',   1, '若依', '15888888888', 'ry@qq.com', '0', '0', 'admin', GETDATE(), '', null),
(109,  102, '0,100,102',  '财务部门',   2, '若依', '15888888888', 'ry@qq.com', '0', '0', 'admin', GETDATE(), '', null)
GO
SET IDENTITY_INSERT [dbo].[sys_dept] OFF
GO


-- ----------------------------
-- 2、用户信息表
-- ----------------------------
IF object_id(N'[dbo].[sys_user]', N'U') IS NOT NULL
	DROP TABLE [dbo].[sys_user]
SET ANSI_NULLS ON
GO
SET QUOTED_IDENTIFIER ON
GO
CREATE TABLE [dbo].[sys_user](
	[user_id] [bigint] IDENTITY(1,1) NOT NULL,
	[dept_id] [bigint] NULL,
	[user_name] [varchar](30) NOT NULL,
	[nick_name] [varchar](30) NOT NULL,
	[user_type] [varchar](2) NULL,
	[email] [varchar](50) NULL,
	[phonenumber] [varchar](11) NULL,
	[sex] [char](1) NULL,
	[avatar] [varchar](100) NULL,
	[password] [varchar](100) NULL,
	[status] [char](1) NULL,
	[del_flag] [char](1) NOT NULL,
	[login_ip] [varchar](128) NULL,
	[login_date] [datetime] NULL,
	[create_by] [varchar](64) NULL,
	[create_time] [datetime] NULL,
	[update_by] [varchar](64) NULL,
	[update_time] [datetime] NULL,
	[remark] [varchar](500) NULL,
 CONSTRAINT [PK_sys_user] PRIMARY KEY CLUSTERED 
(
	[user_id] ASC
)WITH (PAD_INDEX = OFF, STATISTICS_NORECOMPUTE = OFF, IGNORE_DUP_KEY = OFF, ALLOW_ROW_LOCKS = ON, ALLOW_PAGE_LOCKS = ON) ON [PRIMARY]
) ON [PRIMARY]
GO

ALTER TABLE [dbo].[sys_user] ADD  CONSTRAINT [DF_sys_user_user_type]  DEFAULT ((0)) FOR [user_type]
GO
ALTER TABLE [dbo].[sys_user] ADD  CONSTRAINT [DF_sys_user_sex]  DEFAULT ((0)) FOR [sex]
GO
ALTER TABLE [dbo].[sys_user] ADD  CONSTRAINT [DF_sys_user_status]  DEFAULT ((0)) FOR [status]
GO
ALTER TABLE [dbo].[sys_user] ADD  CONSTRAINT [DF_sys_user_del_flag]  DEFAULT ((0)) FOR [del_flag]
GO
EXEC sys.sp_addextendedproperty @name=N'MS_Description', @value=N'用户ID' , @level0type=N'SCHEMA',@level0name=N'dbo', @level1type=N'TABLE',@level1name=N'sys_user', @level2type=N'COLUMN',@level2name=N'user_id'
GO
EXEC sys.sp_addextendedproperty @name=N'MS_Description', @value=N'部门ID' , @level0type=N'SCHEMA',@level0name=N'dbo', @level1type=N'TABLE',@level1name=N'sys_user', @level2type=N'COLUMN',@level2name=N'dept_id'
GO
EXEC sys.sp_addextendedproperty @name=N'MS_Description', @value=N'用户账号' , @level0type=N'SCHEMA',@level0name=N'dbo', @level1type=N'TABLE',@level1name=N'sys_user', @level2type=N'COLUMN',@level2name=N'user_name'
GO
EXEC sys.sp_addextendedproperty @name=N'MS_Description', @value=N'用户昵称' , @level0type=N'SCHEMA',@level0name=N'dbo', @level1type=N'TABLE',@level1name=N'sys_user', @level2type=N'COLUMN',@level2name=N'nick_name'
GO
EXEC sys.sp_addextendedproperty @name=N'MS_Description', @value=N'用户类型（00系统用户）' , @level0type=N'SCHEMA',@level0name=N'dbo', @level1type=N'TABLE',@level1name=N'sys_user', @level2type=N'COLUMN',@level2name=N'user_type'
GO
EXEC sys.sp_addextendedproperty @name=N'MS_Description', @value=N'用户邮箱' , @level0type=N'SCHEMA',@level0name=N'dbo', @level1type=N'TABLE',@level1name=N'sys_user', @level2type=N'COLUMN',@level2name=N'email'
GO
EXEC sys.sp_addextendedproperty @name=N'MS_Description', @value=N'手机号码' , @level0type=N'SCHEMA',@level0name=N'dbo', @level1type=N'TABLE',@level1name=N'sys_user', @level2type=N'COLUMN',@level2name=N'phonenumber'
GO
EXEC sys.sp_addextendedproperty @name=N'MS_Description', @value=N'用户性别（0男 1女 2未知）' , @level0type=N'SCHEMA',@level0name=N'dbo', @level1type=N'TABLE',@level1name=N'sys_user', @level2type=N'COLUMN',@level2name=N'sex'
GO
EXEC sys.sp_addextendedproperty @name=N'MS_Description', @value=N'头像地址' , @level0type=N'SCHEMA',@level0name=N'dbo', @level1type=N'TABLE',@level1name=N'sys_user', @level2type=N'COLUMN',@level2name=N'avatar'
GO
EXEC sys.sp_addextendedproperty @name=N'MS_Description', @value=N'密码' , @level0type=N'SCHEMA',@level0name=N'dbo', @level1type=N'TABLE',@level1name=N'sys_user', @level2type=N'COLUMN',@level2name=N'password'
GO
EXEC sys.sp_addextendedproperty @name=N'MS_Description', @value=N'帐号状态（0正常 1停用）' , @level0type=N'SCHEMA',@level0name=N'dbo', @level1type=N'TABLE',@level1name=N'sys_user', @level2type=N'COLUMN',@level2name=N'status'
GO
EXEC sys.sp_addextendedproperty @name=N'MS_Description', @value=N'删除标志（0代表存在 2代表删除）' , @level0type=N'SCHEMA',@level0name=N'dbo', @level1type=N'TABLE',@level1name=N'sys_user', @level2type=N'COLUMN',@level2name=N'del_flag'
GO
EXEC sys.sp_addextendedproperty @name=N'MS_Description', @value=N'最后登录IP' , @level0type=N'SCHEMA',@level0name=N'dbo', @level1type=N'TABLE',@level1name=N'sys_user', @level2type=N'COLUMN',@level2name=N'login_ip'
GO
EXEC sys.sp_addextendedproperty @name=N'MS_Description', @value=N'最后登录时间' , @level0type=N'SCHEMA',@level0name=N'dbo', @level1type=N'TABLE',@level1name=N'sys_user', @level2type=N'COLUMN',@level2name=N'login_date'
GO
EXEC sys.sp_addextendedproperty @name=N'MS_Description', @value=N'创建者' , @level0type=N'SCHEMA',@level0name=N'dbo', @level1type=N'TABLE',@level1name=N'sys_user', @level2type=N'COLUMN',@level2name=N'create_by'
GO
EXEC sys.sp_addextendedproperty @name=N'MS_Description', @value=N'创建时间' , @level0type=N'SCHEMA',@level0name=N'dbo', @level1type=N'TABLE',@level1name=N'sys_user', @level2type=N'COLUMN',@level2name=N'create_time'
GO
EXEC sys.sp_addextendedproperty @name=N'MS_Description', @value=N'更新者' , @level0type=N'SCHEMA',@level0name=N'dbo', @level1type=N'TABLE',@level1name=N'sys_user', @level2type=N'COLUMN',@level2name=N'update_by'
GO
EXEC sys.sp_addextendedproperty @name=N'MS_Description', @value=N'更新时间' , @level0type=N'SCHEMA',@level0name=N'dbo', @level1type=N'TABLE',@level1name=N'sys_user', @level2type=N'COLUMN',@level2name=N'update_time'
GO
EXEC sys.sp_addextendedproperty @name=N'MS_Description', @value=N'备注' , @level0type=N'SCHEMA',@level0name=N'dbo', @level1type=N'TABLE',@level1name=N'sys_user', @level2type=N'COLUMN',@level2name=N'remark'
GO
EXEC sys.sp_addextendedproperty @name=N'MS_Description', @value=N'用户信息表' , @level0type=N'SCHEMA',@level0name=N'dbo', @level1type=N'TABLE',@level1name=N'sys_user'
GO

-- ----------------------------
-- 初始化-用户信息表数据
-- ----------------------------
SET IDENTITY_INSERT [dbo].[sys_user] ON 
GO
INSERT INTO [dbo].[sys_user] (user_id,dept_id,user_name,nick_name,user_type,email,phonenumber,sex,avatar,password,status,del_flag,login_ip,login_date,create_by,create_time,update_by,update_time,remark) VALUES
(1,  103, 'admin', '若依', '00', 'ry@163.com', '15888888888', '1', '', '0192023a7bbd73250516f069df18b500', '0', '0', '127.0.0.1', GETDATE(), 'admin', GETDATE(), '', null, '管理员'),
(2,  105, 'ry',    '若依', '00', 'ry@qq.com',  '15666666666', '1', '', '0192023a7bbd73250516f069df18b500', '0', '0', '127.0.0.1', GETDATE(), 'admin', GETDATE(), '', null, '测试员')
GO
SET IDENTITY_INSERT [dbo].[sys_user] OFF
GO

-- ----------------------------
-- 3、岗位信息表
-- ----------------------------

IF object_id(N'[dbo].[sys_post]', N'U') IS NOT NULL
	DROP TABLE [dbo].[sys_post]

SET ANSI_NULLS ON
GO
SET QUOTED_IDENTIFIER ON
GO
CREATE TABLE [dbo].[sys_post](
	[post_id] [bigint] IDENTITY(1,1) NOT NULL,
	[post_code] [varchar](64) NOT NULL,
	[post_name] [varchar](50) NOT NULL,
	[post_sort] [int] NOT NULL,
	[status] [char](1) NOT NULL,
	[create_by] [varchar](64) NULL,
	[create_time] [datetime] NULL,
	[update_by] [varchar](64) NULL,
	[update_time] [datetime] NULL,
	[remark] [varchar](500) NULL,
 CONSTRAINT [PK_sys_post] PRIMARY KEY CLUSTERED 
(
	[post_id] ASC
)WITH (PAD_INDEX = OFF, STATISTICS_NORECOMPUTE = OFF, IGNORE_DUP_KEY = OFF, ALLOW_ROW_LOCKS = ON, ALLOW_PAGE_LOCKS = ON) ON [PRIMARY]
) ON [PRIMARY]
GO

EXEC sys.sp_addextendedproperty @name=N'MS_Description', @value=N'岗位ID' , @level0type=N'SCHEMA',@level0name=N'dbo', @level1type=N'TABLE',@level1name=N'sys_post', @level2type=N'COLUMN',@level2name=N'post_id'
GO
EXEC sys.sp_addextendedproperty @name=N'MS_Description', @value=N'岗位编码' , @level0type=N'SCHEMA',@level0name=N'dbo', @level1type=N'TABLE',@level1name=N'sys_post', @level2type=N'COLUMN',@level2name=N'post_code'
GO
EXEC sys.sp_addextendedproperty @name=N'MS_Description', @value=N'岗位名称' , @level0type=N'SCHEMA',@level0name=N'dbo', @level1type=N'TABLE',@level1name=N'sys_post', @level2type=N'COLUMN',@level2name=N'post_name'
GO
EXEC sys.sp_addextendedproperty @name=N'MS_Description', @value=N'显示顺序' , @level0type=N'SCHEMA',@level0name=N'dbo', @level1type=N'TABLE',@level1name=N'sys_post', @level2type=N'COLUMN',@level2name=N'post_sort'
GO
EXEC sys.sp_addextendedproperty @name=N'MS_Description', @value=N'状态（0正常 1停用）' , @level0type=N'SCHEMA',@level0name=N'dbo', @level1type=N'TABLE',@level1name=N'sys_post', @level2type=N'COLUMN',@level2name=N'status'
GO
EXEC sys.sp_addextendedproperty @name=N'MS_Description', @value=N'创建者' , @level0type=N'SCHEMA',@level0name=N'dbo', @level1type=N'TABLE',@level1name=N'sys_post', @level2type=N'COLUMN',@level2name=N'create_by'
GO
EXEC sys.sp_addextendedproperty @name=N'MS_Description', @value=N'创建时间' , @level0type=N'SCHEMA',@level0name=N'dbo', @level1type=N'TABLE',@level1name=N'sys_post', @level2type=N'COLUMN',@level2name=N'create_time'
GO
EXEC sys.sp_addextendedproperty @name=N'MS_Description', @value=N'更新者' , @level0type=N'SCHEMA',@level0name=N'dbo', @level1type=N'TABLE',@level1name=N'sys_post', @level2type=N'COLUMN',@level2name=N'update_by'
GO
EXEC sys.sp_addextendedproperty @name=N'MS_Description', @value=N'更新时间' , @level0type=N'SCHEMA',@level0name=N'dbo', @level1type=N'TABLE',@level1name=N'sys_post', @level2type=N'COLUMN',@level2name=N'update_time'
GO
EXEC sys.sp_addextendedproperty @name=N'MS_Description', @value=N'备注' , @level0type=N'SCHEMA',@level0name=N'dbo', @level1type=N'TABLE',@level1name=N'sys_post', @level2type=N'COLUMN',@level2name=N'remark'
GO
EXEC sys.sp_addextendedproperty @name=N'MS_Description', @value=N'岗位信息表' , @level0type=N'SCHEMA',@level0name=N'dbo', @level1type=N'TABLE',@level1name=N'sys_post'
GO

-- ----------------------------
-- 初始化-岗位信息表数据
-- ----------------------------
SET IDENTITY_INSERT [dbo].[sys_post] ON 
GO
INSERT INTO [dbo].[sys_post] (post_id,post_code,post_name,post_sort,status,create_by,create_time,update_by,update_time,remark) VALUES
(1, 'ceo',  '董事长',    1, '0', 'admin', GETDATE(), '', null, ''),
(2, 'se',   '项目经理',  2, '0', 'admin', GETDATE(), '', null, ''),
(3, 'hr',   '人力资源',  3, '0', 'admin', GETDATE(), '', null, ''),
(4, 'user', '普通员工',  4, '0', 'admin', GETDATE(), '', null, '')
GO
SET IDENTITY_INSERT [dbo].[sys_post] OFF
GO

-- ----------------------------
-- 4、角色信息表
-- ----------------------------
IF object_id(N'[dbo].[sys_role]', N'U') IS NOT NULL
	DROP TABLE [dbo].[sys_role]

SET ANSI_NULLS ON
GO
SET QUOTED_IDENTIFIER ON
GO
CREATE TABLE [dbo].[sys_role](
	[role_id] [bigint] IDENTITY(1,1) NOT NULL,
	[role_name] [varchar](30) NOT NULL,
	[role_key] [varchar](100) NOT NULL,
	[role_sort] [int] NOT NULL,
	[data_scope] [char](1) NULL,
	[menu_check_strictly] [tinyint] NULL,
	[dept_check_strictly] [tinyint] NULL,
	[status] [char](1) NOT NULL,
	[del_flag] [char](1) NULL,
	[create_by] [varchar](64) NULL,
	[create_time] [datetime] NULL,
	[update_by] [varchar](64) NULL,
	[update_time] [datetime] NULL,
	[remark] [varchar](500) NULL,
 CONSTRAINT [PK_sys_role] PRIMARY KEY CLUSTERED 
(
	[role_id] ASC
)WITH (PAD_INDEX = OFF, STATISTICS_NORECOMPUTE = OFF, IGNORE_DUP_KEY = OFF, ALLOW_ROW_LOCKS = ON, ALLOW_PAGE_LOCKS = ON) ON [PRIMARY]
) ON [PRIMARY]
GO

ALTER TABLE [dbo].[sys_role] ADD  CONSTRAINT [DF_sys_role_data_scope]  DEFAULT ((1)) FOR [data_scope]
GO
ALTER TABLE [dbo].[sys_role] ADD  CONSTRAINT [DF_sys_role_menu_check_strictly]  DEFAULT ((1)) FOR [menu_check_strictly]
GO
ALTER TABLE [dbo].[sys_role] ADD  CONSTRAINT [DF_sys_role_dept_check_strictly]  DEFAULT ((1)) FOR [dept_check_strictly]
GO
ALTER TABLE [dbo].[sys_role] ADD  CONSTRAINT [DF_sys_role_del_flag]  DEFAULT ((0)) FOR [del_flag]
GO
EXEC sys.sp_addextendedproperty @name=N'MS_Description', @value=N'角色ID' , @level0type=N'SCHEMA',@level0name=N'dbo', @level1type=N'TABLE',@level1name=N'sys_role', @level2type=N'COLUMN',@level2name=N'role_id'
GO
EXEC sys.sp_addextendedproperty @name=N'MS_Description', @value=N'角色名称' , @level0type=N'SCHEMA',@level0name=N'dbo', @level1type=N'TABLE',@level1name=N'sys_role', @level2type=N'COLUMN',@level2name=N'role_name'
GO
EXEC sys.sp_addextendedproperty @name=N'MS_Description', @value=N'角色权限字符串' , @level0type=N'SCHEMA',@level0name=N'dbo', @level1type=N'TABLE',@level1name=N'sys_role', @level2type=N'COLUMN',@level2name=N'role_key'
GO
EXEC sys.sp_addextendedproperty @name=N'MS_Description', @value=N'显示顺序' , @level0type=N'SCHEMA',@level0name=N'dbo', @level1type=N'TABLE',@level1name=N'sys_role', @level2type=N'COLUMN',@level2name=N'role_sort'
GO
EXEC sys.sp_addextendedproperty @name=N'MS_Description', @value=N'数据范围（1：全部数据权限 2：自定数据权限 3：本部门数据权限 4：本部门及以下数据权限）' , @level0type=N'SCHEMA',@level0name=N'dbo', @level1type=N'TABLE',@level1name=N'sys_role', @level2type=N'COLUMN',@level2name=N'data_scope'
GO
EXEC sys.sp_addextendedproperty @name=N'MS_Description', @value=N'菜单树选择项是否关联显示' , @level0type=N'SCHEMA',@level0name=N'dbo', @level1type=N'TABLE',@level1name=N'sys_role', @level2type=N'COLUMN',@level2name=N'menu_check_strictly'
GO
EXEC sys.sp_addextendedproperty @name=N'MS_Description', @value=N'部门树选择项是否关联显示' , @level0type=N'SCHEMA',@level0name=N'dbo', @level1type=N'TABLE',@level1name=N'sys_role', @level2type=N'COLUMN',@level2name=N'dept_check_strictly'
GO
EXEC sys.sp_addextendedproperty @name=N'MS_Description', @value=N'角色状态（0正常 1停用）' , @level0type=N'SCHEMA',@level0name=N'dbo', @level1type=N'TABLE',@level1name=N'sys_role', @level2type=N'COLUMN',@level2name=N'status'
GO
EXEC sys.sp_addextendedproperty @name=N'MS_Description', @value=N'删除标志（0代表存在 2代表删除）' , @level0type=N'SCHEMA',@level0name=N'dbo', @level1type=N'TABLE',@level1name=N'sys_role', @level2type=N'COLUMN',@level2name=N'del_flag'
GO
EXEC sys.sp_addextendedproperty @name=N'MS_Description', @value=N'创建者' , @level0type=N'SCHEMA',@level0name=N'dbo', @level1type=N'TABLE',@level1name=N'sys_role', @level2type=N'COLUMN',@level2name=N'create_by'
GO
EXEC sys.sp_addextendedproperty @name=N'MS_Description', @value=N'创建时间' , @level0type=N'SCHEMA',@level0name=N'dbo', @level1type=N'TABLE',@level1name=N'sys_role', @level2type=N'COLUMN',@level2name=N'create_time'
GO
EXEC sys.sp_addextendedproperty @name=N'MS_Description', @value=N'更新者' , @level0type=N'SCHEMA',@level0name=N'dbo', @level1type=N'TABLE',@level1name=N'sys_role', @level2type=N'COLUMN',@level2name=N'update_by'
GO
EXEC sys.sp_addextendedproperty @name=N'MS_Description', @value=N'更新时间' , @level0type=N'SCHEMA',@level0name=N'dbo', @level1type=N'TABLE',@level1name=N'sys_role', @level2type=N'COLUMN',@level2name=N'update_time'
GO
EXEC sys.sp_addextendedproperty @name=N'MS_Description', @value=N'备注' , @level0type=N'SCHEMA',@level0name=N'dbo', @level1type=N'TABLE',@level1name=N'sys_role', @level2type=N'COLUMN',@level2name=N'remark'
GO
EXEC sys.sp_addextendedproperty @name=N'MS_Description', @value=N'角色信息表' , @level0type=N'SCHEMA',@level0name=N'dbo', @level1type=N'TABLE',@level1name=N'sys_role'
GO

-- ----------------------------
-- 初始化-角色信息表数据
-- ----------------------------
SET IDENTITY_INSERT [dbo].[sys_role] ON 
GO
INSERT INTO [dbo].[sys_role] (role_id,role_name,role_key,role_sort,data_scope,menu_check_strictly,dept_check_strictly,status,del_flag,create_by,create_time,update_by,update_time,remark) VALUES
('1', '超级管理员',  'admin',  1, 1, 1, 1, '0', '0', 'admin', GETDATE(), '', null, '超级管理员'),
('2', '普通角色',    'common', 2, 2, 1, 1, '0', '0', 'admin', GETDATE(), '', null, '普通角色')
GO
SET IDENTITY_INSERT [dbo].[sys_role] OFF
GO

-- ----------------------------
-- 5、菜单权限表
-- ----------------------------
IF object_id(N'[dbo].[sys_menu]', N'U') IS NOT NULL
	DROP TABLE [dbo].[sys_menu]
SET ANSI_NULLS ON
GO
SET QUOTED_IDENTIFIER ON
GO
CREATE TABLE [dbo].[sys_menu](
	[menu_id] [bigint] IDENTITY(1,1) NOT NULL,
	[menu_name] [varchar](50) NOT NULL,
	[parent_id] [bigint] NULL,
	[order_num] [int] NULL,
	[path] [varchar](200) NULL,
	[component] [varchar](255) NULL,
	[query] [varchar](255) NULL,
	[is_frame] [int] NULL,
	[is_cache] [int] NULL,
	[menu_type] [char](1) NULL,
	[visible] [char](1) NULL,
	[status] [char](1) NOT NULL,
	[perms] [varchar](100) NULL,
	[icon] [varchar](100) NULL,
	[create_by] [varchar](64) NULL,
	[create_time] [datetime] NULL,
	[update_by] [varchar](64) NULL,
	[update_time] [datetime] NULL,
	[remark] [varchar](500) NULL,
 CONSTRAINT [PK_sys_menu] PRIMARY KEY CLUSTERED 
(
	[menu_id] ASC
)WITH (PAD_INDEX = OFF, STATISTICS_NORECOMPUTE = OFF, IGNORE_DUP_KEY = OFF, ALLOW_ROW_LOCKS = ON, ALLOW_PAGE_LOCKS = ON) ON [PRIMARY]
) ON [PRIMARY]
GO

ALTER TABLE [dbo].[sys_menu] ADD  CONSTRAINT [DF_sys_menu_parent_id]  DEFAULT ((0)) FOR [parent_id]
GO
ALTER TABLE [dbo].[sys_menu] ADD  CONSTRAINT [DF_sys_menu_order_num]  DEFAULT ((0)) FOR [order_num]
GO
ALTER TABLE [dbo].[sys_menu] ADD  CONSTRAINT [DF_sys_menu_is_frame]  DEFAULT ((1)) FOR [is_frame]
GO
ALTER TABLE [dbo].[sys_menu] ADD  CONSTRAINT [DF_sys_menu_is_cache]  DEFAULT ((0)) FOR [is_cache]
GO
ALTER TABLE [dbo].[sys_menu] ADD  CONSTRAINT [DF_sys_menu_visible]  DEFAULT ((0)) FOR [visible]
GO
ALTER TABLE [dbo].[sys_menu] ADD  CONSTRAINT [DF_sys_menu_status]  DEFAULT ((0)) FOR [status]
GO
ALTER TABLE [dbo].[sys_menu] ADD  CONSTRAINT [DF_sys_menu_icon]  DEFAULT ('#') FOR [icon]
GO
EXEC sys.sp_addextendedproperty @name=N'MS_Description', @value=N'菜单名称' , @level0type=N'SCHEMA',@level0name=N'dbo', @level1type=N'TABLE',@level1name=N'sys_menu', @level2type=N'COLUMN',@level2name=N'menu_name'
GO
EXEC sys.sp_addextendedproperty @name=N'MS_Description', @value=N'路由地址' , @level0type=N'SCHEMA',@level0name=N'dbo', @level1type=N'TABLE',@level1name=N'sys_menu', @level2type=N'COLUMN',@level2name=N'path'
GO
EXEC sys.sp_addextendedproperty @name=N'MS_Description', @value=N'组件路径' , @level0type=N'SCHEMA',@level0name=N'dbo', @level1type=N'TABLE',@level1name=N'sys_menu', @level2type=N'COLUMN',@level2name=N'component'
GO
EXEC sys.sp_addextendedproperty @name=N'MS_Description', @value=N'路由参数' , @level0type=N'SCHEMA',@level0name=N'dbo', @level1type=N'TABLE',@level1name=N'sys_menu', @level2type=N'COLUMN',@level2name=N'query'
GO
EXEC sys.sp_addextendedproperty @name=N'MS_Description', @value=N'是否为外链（0是 1否）' , @level0type=N'SCHEMA',@level0name=N'dbo', @level1type=N'TABLE',@level1name=N'sys_menu', @level2type=N'COLUMN',@level2name=N'is_frame'
GO
EXEC sys.sp_addextendedproperty @name=N'MS_Description', @value=N'是否缓存（0缓存 1不缓存）' , @level0type=N'SCHEMA',@level0name=N'dbo', @level1type=N'TABLE',@level1name=N'sys_menu', @level2type=N'COLUMN',@level2name=N'is_cache'
GO
EXEC sys.sp_addextendedproperty @name=N'MS_Description', @value=N'菜单类型（M目录 C菜单 F按钮）' , @level0type=N'SCHEMA',@level0name=N'dbo', @level1type=N'TABLE',@level1name=N'sys_menu', @level2type=N'COLUMN',@level2name=N'menu_type'
GO
EXEC sys.sp_addextendedproperty @name=N'MS_Description', @value=N'菜单状态（0显示 1隐藏）' , @level0type=N'SCHEMA',@level0name=N'dbo', @level1type=N'TABLE',@level1name=N'sys_menu', @level2type=N'COLUMN',@level2name=N'visible'
GO
EXEC sys.sp_addextendedproperty @name=N'MS_Description', @value=N'菜单状态（0正常 1停用）' , @level0type=N'SCHEMA',@level0name=N'dbo', @level1type=N'TABLE',@level1name=N'sys_menu', @level2type=N'COLUMN',@level2name=N'status'
GO
EXEC sys.sp_addextendedproperty @name=N'MS_Description', @value=N'权限标识' , @level0type=N'SCHEMA',@level0name=N'dbo', @level1type=N'TABLE',@level1name=N'sys_menu', @level2type=N'COLUMN',@level2name=N'perms'
GO
EXEC sys.sp_addextendedproperty @name=N'MS_Description', @value=N'菜单图标' , @level0type=N'SCHEMA',@level0name=N'dbo', @level1type=N'TABLE',@level1name=N'sys_menu', @level2type=N'COLUMN',@level2name=N'icon'
GO
EXEC sys.sp_addextendedproperty @name=N'MS_Description', @value=N'创建者' , @level0type=N'SCHEMA',@level0name=N'dbo', @level1type=N'TABLE',@level1name=N'sys_menu', @level2type=N'COLUMN',@level2name=N'create_by'
GO
EXEC sys.sp_addextendedproperty @name=N'MS_Description', @value=N'创建时间' , @level0type=N'SCHEMA',@level0name=N'dbo', @level1type=N'TABLE',@level1name=N'sys_menu', @level2type=N'COLUMN',@level2name=N'create_time'
GO
EXEC sys.sp_addextendedproperty @name=N'MS_Description', @value=N'更新者' , @level0type=N'SCHEMA',@level0name=N'dbo', @level1type=N'TABLE',@level1name=N'sys_menu', @level2type=N'COLUMN',@level2name=N'update_by'
GO
EXEC sys.sp_addextendedproperty @name=N'MS_Description', @value=N'更新时间' , @level0type=N'SCHEMA',@level0name=N'dbo', @level1type=N'TABLE',@level1name=N'sys_menu', @level2type=N'COLUMN',@level2name=N'update_time'
GO
EXEC sys.sp_addextendedproperty @name=N'MS_Description', @value=N'备注' , @level0type=N'SCHEMA',@level0name=N'dbo', @level1type=N'TABLE',@level1name=N'sys_menu', @level2type=N'COLUMN',@level2name=N'remark'
GO
EXEC sys.sp_addextendedproperty @name=N'MS_Description', @value=N'菜单权限表' , @level0type=N'SCHEMA',@level0name=N'dbo', @level1type=N'TABLE',@level1name=N'sys_menu'
GO

-- ----------------------------
-- 初始化-菜单信息表数据
-- ----------------------------
SET IDENTITY_INSERT [dbo].[sys_menu] ON 
GO
-- 一级菜单
INSERT INTO [dbo].[sys_menu] (menu_id, menu_name, parent_id, order_num, path, component, query, is_frame, is_cache, menu_type, visible, status, perms, icon, create_by, create_time, update_by, update_time, remark) VALUES
('1', '系统管理', '0', '1', 'system',           null, '', 1, 0, 'M', '0', '0', '', 'system',   'admin', GETDATE(), '', null, '系统管理目录'),
('2', '系统监控', '0', '2', 'monitor',          null, '', 1, 0, 'M', '0', '0', '', 'monitor',  'admin', GETDATE(), '', null, '系统监控目录'),
('3', '系统工具', '0', '3', 'tool',             null, '', 1, 0, 'M', '0', '0', '', 'tool',     'admin', GETDATE(), '', null, '系统工具目录'),
('4', '若依官网', '0', '4', 'http://ruoyi.vip', null, '', 0, 0, 'M', '0', '0', '', 'guide',    'admin', GETDATE(), '', null, '若依官网地址')
GO
-- 二级菜单
INSERT INTO [dbo].[sys_menu] (menu_id, menu_name, parent_id, order_num, path, component, query, is_frame, is_cache, menu_type, visible, status, perms, icon, create_by, create_time, update_by, update_time, remark) VALUES
('100',  '用户管理', '1',   '1', 'user',       'system/user/index',        '', 1, 0, 'C', '0', '0', 'system:user:list',        'user',          'admin', GETDATE(), '', null, '用户管理菜单'),
('101',  '角色管理', '1',   '2', 'role',       'system/role/index',        '', 1, 0, 'C', '0', '0', 'system:role:list',        'peoples',       'admin', GETDATE(), '', null, '角色管理菜单'),
('102',  '菜单管理', '1',   '3', 'menu',       'system/menu/index',        '', 1, 0, 'C', '0', '0', 'system:menu:list',        'tree-table',    'admin', GETDATE(), '', null, '菜单管理菜单'),
('103',  '部门管理', '1',   '4', 'dept',       'system/dept/index',        '', 1, 0, 'C', '0', '0', 'system:dept:list',        'tree',          'admin', GETDATE(), '', null, '部门管理菜单'),
('104',  '岗位管理', '1',   '5', 'post',       'system/post/index',        '', 1, 0, 'C', '0', '0', 'system:post:list',        'post',          'admin', GETDATE(), '', null, '岗位管理菜单'),
('105',  '字典管理', '1',   '6', 'dict',       'system/dict/index',        '', 1, 0, 'C', '0', '0', 'system:dict:list',        'dict',          'admin', GETDATE(), '', null, '字典管理菜单'),
('106',  '参数设置', '1',   '7', 'config',     'system/config/index',      '', 1, 0, 'C', '0', '0', 'system:config:list',      'edit',          'admin', GETDATE(), '', null, '参数设置菜单'),
('107',  '通知公告', '1',   '8', 'notice',     'system/notice/index',      '', 1, 0, 'C', '0', '0', 'system:notice:list',      'message',       'admin', GETDATE(), '', null, '通知公告菜单'),
('108',  '日志管理', '1',   '9', 'log',        '',                         '', 1, 0, 'M', '0', '0', '',                        'log',           'admin', GETDATE(), '', null, '日志管理菜单'),
('109',  '在线用户', '2',   '1', 'online',     'monitor/online/index',     '', 1, 0, 'C', '0', '0', 'monitor:online:list',     'online',        'admin', GETDATE(), '', null, '在线用户菜单'),
('110',  '定时任务', '2',   '2', 'job',        'monitor/job/index',        '', 1, 0, 'C', '0', '0', 'monitor:job:list',        'job',           'admin', GETDATE(), '', null, '定时任务菜单'),
('111',  '数据监控', '2',   '3', 'druid',      'monitor/druid/index',      '', 1, 0, 'C', '0', '0', 'monitor:druid:list',      'druid',         'admin', GETDATE(), '', null, '数据监控菜单'),
('112',  '服务监控', '2',   '4', 'server',     'monitor/server/index',     '', 1, 0, 'C', '0', '0', 'monitor:server:list',     'server',        'admin', GETDATE(), '', null, '服务监控菜单'),
('113',  '缓存监控', '2',   '5', 'cache',      'monitor/cache/index',      '', 1, 0, 'C', '0', '0', 'monitor:cache:list',      'redis',         'admin', GETDATE(), '', null, '缓存监控菜单'),
('114',  '缓存列表', '2',   '6', 'cacheList',  'monitor/cache/list',       '', 1, 0, 'C', '0', '0', 'monitor:cache:list',      'redis-list',    'admin', GETDATE(), '', null, '缓存列表菜单'),
('115',  '表单构建', '3',   '1', 'build',      'tool/build/index',         '', 1, 0, 'C', '0', '0', 'tool:build:list',         'build',         'admin', GETDATE(), '', null, '表单构建菜单'),
('116',  '代码生成', '3',   '2', 'gen',        'tool/gen/index',           '', 1, 0, 'C', '0', '0', 'tool:gen:list',           'code',          'admin', GETDATE(), '', null, '代码生成菜单'),
('117',  '系统接口', '3',   '3', 'swagger',    'tool/swagger/index',       '', 1, 0, 'C', '0', '0', 'tool:swagger:list',       'swagger',       'admin', GETDATE(), '', null, '系统接口菜单')
GO
-- 三级菜单
INSERT INTO [dbo].[sys_menu] (menu_id, menu_name, parent_id, order_num, path, component, query, is_frame, is_cache, menu_type, visible, status, perms, icon, create_by, create_time, update_by, update_time, remark) VALUES
('500',  '操作日志', '108', '1', 'operlog',    'monitor/operlog/index',    '', 1, 0, 'C', '0', '0', 'monitor:operlog:list',    'form',          'admin', GETDATE(), '', null, '操作日志菜单'),
('501',  '登录日志', '108', '2', 'logininfor', 'monitor/logininfor/index', '', 1, 0, 'C', '0', '0', 'monitor:logininfor:list', 'logininfor',    'admin', GETDATE(), '', null, '登录日志菜单')
GO
-- 用户管理按钮
INSERT INTO [dbo].[sys_menu] (menu_id, menu_name, parent_id, order_num, path, component, query, is_frame, is_cache, menu_type, visible, status, perms, icon, create_by, create_time, update_by, update_time, remark) VALUES
('1000', '用户查询', '100', '1',  '', '', '', 1, 0, 'F', '0', '0', 'system:user:query',          '#', 'admin', GETDATE(), '', null, ''),
('1001', '用户新增', '100', '2',  '', '', '', 1, 0, 'F', '0', '0', 'system:user:add',            '#', 'admin', GETDATE(), '', null, ''),
('1002', '用户修改', '100', '3',  '', '', '', 1, 0, 'F', '0', '0', 'system:user:edit',           '#', 'admin', GETDATE(), '', null, ''),
('1003', '用户删除', '100', '4',  '', '', '', 1, 0, 'F', '0', '0', 'system:user:remove',         '#', 'admin', GETDATE(), '', null, ''),
('1004', '用户导出', '100', '5',  '', '', '', 1, 0, 'F', '0', '0', 'system:user:export',         '#', 'admin', GETDATE(), '', null, ''),
('1005', '用户导入', '100', '6',  '', '', '', 1, 0, 'F', '0', '0', 'system:user:import',         '#', 'admin', GETDATE(), '', null, ''),
('1006', '重置密码', '100', '7',  '', '', '', 1, 0, 'F', '0', '0', 'system:user:resetPwd',       '#', 'admin', GETDATE(), '', null, '')
GO
-- 角色管理按钮
INSERT INTO [dbo].[sys_menu] (menu_id, menu_name, parent_id, order_num, path, component, query, is_frame, is_cache, menu_type, visible, status, perms, icon, create_by, create_time, update_by, update_time, remark) VALUES
('1007', '角色查询', '101', '1',  '', '', '', 1, 0, 'F', '0', '0', 'system:role:query',          '#', 'admin', GETDATE(), '', null, ''),
('1008', '角色新增', '101', '2',  '', '', '', 1, 0, 'F', '0', '0', 'system:role:add',            '#', 'admin', GETDATE(), '', null, ''),
('1009', '角色修改', '101', '3',  '', '', '', 1, 0, 'F', '0', '0', 'system:role:edit',           '#', 'admin', GETDATE(), '', null, ''),
('1010', '角色删除', '101', '4',  '', '', '', 1, 0, 'F', '0', '0', 'system:role:remove',         '#', 'admin', GETDATE(), '', null, ''),
('1011', '角色导出', '101', '5',  '', '', '', 1, 0, 'F', '0', '0', 'system:role:export',         '#', 'admin', GETDATE(), '', null, '')
GO
-- 菜单管理按钮
INSERT INTO [dbo].[sys_menu] (menu_id, menu_name, parent_id, order_num, path, component, query, is_frame, is_cache, menu_type, visible, status, perms, icon, create_by, create_time, update_by, update_time, remark) VALUES
('1012', '菜单查询', '102', '1',  '', '', '', 1, 0, 'F', '0', '0', 'system:menu:query',          '#', 'admin', GETDATE(), '', null, ''),
('1013', '菜单新增', '102', '2',  '', '', '', 1, 0, 'F', '0', '0', 'system:menu:add',            '#', 'admin', GETDATE(), '', null, ''),
('1014', '菜单修改', '102', '3',  '', '', '', 1, 0, 'F', '0', '0', 'system:menu:edit',           '#', 'admin', GETDATE(), '', null, ''),
('1015', '菜单删除', '102', '4',  '', '', '', 1, 0, 'F', '0', '0', 'system:menu:remove',         '#', 'admin', GETDATE(), '', null, '')
GO
-- 部门管理按钮
INSERT INTO [dbo].[sys_menu] (menu_id, menu_name, parent_id, order_num, path, component, query, is_frame, is_cache, menu_type, visible, status, perms, icon, create_by, create_time, update_by, update_time, remark) VALUES
('1016', '部门查询', '103', '1',  '', '', '', 1, 0, 'F', '0', '0', 'system:dept:query',          '#', 'admin', GETDATE(), '', null, ''),
('1017', '部门新增', '103', '2',  '', '', '', 1, 0, 'F', '0', '0', 'system:dept:add',            '#', 'admin', GETDATE(), '', null, ''),
('1018', '部门修改', '103', '3',  '', '', '', 1, 0, 'F', '0', '0', 'system:dept:edit',           '#', 'admin', GETDATE(), '', null, ''),
('1019', '部门删除', '103', '4',  '', '', '', 1, 0, 'F', '0', '0', 'system:dept:remove',         '#', 'admin', GETDATE(), '', null, '')
GO
-- 岗位管理按钮
INSERT INTO [dbo].[sys_menu] (menu_id, menu_name, parent_id, order_num, path, component, query, is_frame, is_cache, menu_type, visible, status, perms, icon, create_by, create_time, update_by, update_time, remark) VALUES
('1020', '岗位查询', '104', '1',  '', '', '', 1, 0, 'F', '0', '0', 'system:post:query',          '#', 'admin', GETDATE(), '', null, ''),
('1021', '岗位新增', '104', '2',  '', '', '', 1, 0, 'F', '0', '0', 'system:post:add',            '#', 'admin', GETDATE(), '', null, ''),
('1022', '岗位修改', '104', '3',  '', '', '', 1, 0, 'F', '0', '0', 'system:post:edit',           '#', 'admin', GETDATE(), '', null, ''),
('1023', '岗位删除', '104', '4',  '', '', '', 1, 0, 'F', '0', '0', 'system:post:remove',         '#', 'admin', GETDATE(), '', null, ''),
('1024', '岗位导出', '104', '5',  '', '', '', 1, 0, 'F', '0', '0', 'system:post:export',         '#', 'admin', GETDATE(), '', null, '')
GO
-- 字典管理按钮
INSERT INTO [dbo].[sys_menu] (menu_id, menu_name, parent_id, order_num, path, component, query, is_frame, is_cache, menu_type, visible, status, perms, icon, create_by, create_time, update_by, update_time, remark) VALUES
('1025', '字典查询', '105', '1', '#', '', '', 1, 0, 'F', '0', '0', 'system:dict:query',          '#', 'admin', GETDATE(), '', null, ''),
('1026', '字典新增', '105', '2', '#', '', '', 1, 0, 'F', '0', '0', 'system:dict:add',            '#', 'admin', GETDATE(), '', null, ''),
('1027', '字典修改', '105', '3', '#', '', '', 1, 0, 'F', '0', '0', 'system:dict:edit',           '#', 'admin', GETDATE(), '', null, ''),
('1028', '字典删除', '105', '4', '#', '', '', 1, 0, 'F', '0', '0', 'system:dict:remove',         '#', 'admin', GETDATE(), '', null, ''),
('1029', '字典导出', '105', '5', '#', '', '', 1, 0, 'F', '0', '0', 'system:dict:export',         '#', 'admin', GETDATE(), '', null, '')
GO
-- 参数设置按钮
INSERT INTO [dbo].[sys_menu] (menu_id, menu_name, parent_id, order_num, path, component, query, is_frame, is_cache, menu_type, visible, status, perms, icon, create_by, create_time, update_by, update_time, remark) VALUES
('1030', '参数查询', '106', '1', '#', '', '', 1, 0, 'F', '0', '0', 'system:config:query',        '#', 'admin', GETDATE(), '', null, ''),
('1031', '参数新增', '106', '2', '#', '', '', 1, 0, 'F', '0', '0', 'system:config:add',          '#', 'admin', GETDATE(), '', null, ''),
('1032', '参数修改', '106', '3', '#', '', '', 1, 0, 'F', '0', '0', 'system:config:edit',         '#', 'admin', GETDATE(), '', null, ''),
('1033', '参数删除', '106', '4', '#', '', '', 1, 0, 'F', '0', '0', 'system:config:remove',       '#', 'admin', GETDATE(), '', null, ''),
('1034', '参数导出', '106', '5', '#', '', '', 1, 0, 'F', '0', '0', 'system:config:export',       '#', 'admin', GETDATE(), '', null, '')
GO
-- 通知公告按钮
INSERT INTO [dbo].[sys_menu] (menu_id, menu_name, parent_id, order_num, path, component, query, is_frame, is_cache, menu_type, visible, status, perms, icon, create_by, create_time, update_by, update_time, remark) VALUES
('1035', '公告查询', '107', '1', '#', '', '', 1, 0, 'F', '0', '0', 'system:notice:query',        '#', 'admin', GETDATE(), '', null, ''),
('1036', '公告新增', '107', '2', '#', '', '', 1, 0, 'F', '0', '0', 'system:notice:add',          '#', 'admin', GETDATE(), '', null, ''),
('1037', '公告修改', '107', '3', '#', '', '', 1, 0, 'F', '0', '0', 'system:notice:edit',         '#', 'admin', GETDATE(), '', null, ''),
('1038', '公告删除', '107', '4', '#', '', '', 1, 0, 'F', '0', '0', 'system:notice:remove',       '#', 'admin', GETDATE(), '', null, '')
GO
-- 操作日志按钮
INSERT INTO [dbo].[sys_menu] (menu_id, menu_name, parent_id, order_num, path, component, query, is_frame, is_cache, menu_type, visible, status, perms, icon, create_by, create_time, update_by, update_time, remark) VALUES
('1039', '操作查询', '500', '1', '#', '', '', 1, 0, 'F', '0', '0', 'monitor:operlog:query',      '#', 'admin', GETDATE(), '', null, ''),
('1040', '操作删除', '500', '2', '#', '', '', 1, 0, 'F', '0', '0', 'monitor:operlog:remove',     '#', 'admin', GETDATE(), '', null, ''),
('1041', '日志导出', '500', '3', '#', '', '', 1, 0, 'F', '0', '0', 'monitor:operlog:export',     '#', 'admin', GETDATE(), '', null, '')
GO
-- 登录日志按钮
INSERT INTO [dbo].[sys_menu] (menu_id, menu_name, parent_id, order_num, path, component, query, is_frame, is_cache, menu_type, visible, status, perms, icon, create_by, create_time, update_by, update_time, remark) VALUES
('1042', '登录查询', '501', '1', '#', '', '', 1, 0, 'F', '0', '0', 'monitor:logininfor:query',   '#', 'admin', GETDATE(), '', null, ''),
('1043', '登录删除', '501', '2', '#', '', '', 1, 0, 'F', '0', '0', 'monitor:logininfor:remove',  '#', 'admin', GETDATE(), '', null, ''),
('1044', '日志导出', '501', '3', '#', '', '', 1, 0, 'F', '0', '0', 'monitor:logininfor:export',  '#', 'admin', GETDATE(), '', null, ''),
('1045', '账户解锁', '501', '4', '#', '', '', 1, 0, 'F', '0', '0', 'monitor:logininfor:unlock',  '#', 'admin', GETDATE(), '', null, '')
GO
-- 在线用户按钮
INSERT INTO [dbo].[sys_menu] (menu_id, menu_name, parent_id, order_num, path, component, query, is_frame, is_cache, menu_type, visible, status, perms, icon, create_by, create_time, update_by, update_time, remark) VALUES
('1046', '在线查询', '109', '1', '#', '', '', 1, 0, 'F', '0', '0', 'monitor:online:query',       '#', 'admin', GETDATE(), '', null, ''),
('1047', '批量强退', '109', '2', '#', '', '', 1, 0, 'F', '0', '0', 'monitor:online:batchLogout', '#', 'admin', GETDATE(), '', null, ''),
('1048', '单条强退', '109', '3', '#', '', '', 1, 0, 'F', '0', '0', 'monitor:online:forceLogout', '#', 'admin', GETDATE(), '', null, '')
GO
-- 定时任务按钮
INSERT INTO [dbo].[sys_menu] (menu_id, menu_name, parent_id, order_num, path, component, query, is_frame, is_cache, menu_type, visible, status, perms, icon, create_by, create_time, update_by, update_time, remark) VALUES
('1049', '任务查询', '110', '1', '#', '', '', 1, 0, 'F', '0', '0', 'monitor:job:query',          '#', 'admin', GETDATE(), '', null, ''),
('1050', '任务新增', '110', '2', '#', '', '', 1, 0, 'F', '0', '0', 'monitor:job:add',            '#', 'admin', GETDATE(), '', null, ''),
('1051', '任务修改', '110', '3', '#', '', '', 1, 0, 'F', '0', '0', 'monitor:job:edit',           '#', 'admin', GETDATE(), '', null, ''),
('1052', '任务删除', '110', '4', '#', '', '', 1, 0, 'F', '0', '0', 'monitor:job:remove',         '#', 'admin', GETDATE(), '', null, ''),
('1053', '状态修改', '110', '5', '#', '', '', 1, 0, 'F', '0', '0', 'monitor:job:changeStatus',   '#', 'admin', GETDATE(), '', null, ''),
('1054', '任务导出', '110', '6', '#', '', '', 1, 0, 'F', '0', '0', 'monitor:job:export',         '#', 'admin', GETDATE(), '', null, '')
GO
-- 代码生成按钮
INSERT INTO [dbo].[sys_menu] (menu_id, menu_name, parent_id, order_num, path, component, query, is_frame, is_cache, menu_type, visible, status, perms, icon, create_by, create_time, update_by, update_time, remark) VALUES
('1055', '生成查询', '116', '1', '#', '', '', 1, 0, 'F', '0', '0', 'tool:gen:query',             '#', 'admin', GETDATE(), '', null, ''),
('1056', '生成修改', '116', '2', '#', '', '', 1, 0, 'F', '0', '0', 'tool:gen:edit',              '#', 'admin', GETDATE(), '', null, ''),
('1057', '生成删除', '116', '3', '#', '', '', 1, 0, 'F', '0', '0', 'tool:gen:remove',            '#', 'admin', GETDATE(), '', null, ''),
('1058', '导入代码', '116', '4', '#', '', '', 1, 0, 'F', '0', '0', 'tool:gen:import',            '#', 'admin', GETDATE(), '', null, ''),
('1059', '预览代码', '116', '5', '#', '', '', 1, 0, 'F', '0', '0', 'tool:gen:preview',           '#', 'admin', GETDATE(), '', null, ''),
('1060', '生成代码', '116', '6', '#', '', '', 1, 0, 'F', '0', '0', 'tool:gen:code',              '#', 'admin', GETDATE(), '', null, '')
GO
SET IDENTITY_INSERT [dbo].[sys_menu] OFF
GO

-- ----------------------------
-- 6、用户和角色关联表  用户N-1角色
-- ----------------------------
IF object_id(N'[dbo].[sys_user_role]', N'U') IS NOT NULL
	DROP TABLE [dbo].[sys_user_role]
SET ANSI_NULLS ON
GO
SET QUOTED_IDENTIFIER ON
GO
CREATE TABLE [dbo].[sys_user_role](
	[user_id] [bigint] NOT NULL,
	[role_id] [bigint] NOT NULL,
 CONSTRAINT [PK_sys_user_role] PRIMARY KEY CLUSTERED 
(
	[user_id] ASC,
	[role_id] ASC
)WITH (PAD_INDEX = OFF, STATISTICS_NORECOMPUTE = OFF, IGNORE_DUP_KEY = OFF, ALLOW_ROW_LOCKS = ON, ALLOW_PAGE_LOCKS = ON) ON [PRIMARY]
) ON [PRIMARY]
GO

EXEC sys.sp_addextendedproperty @name=N'MS_Description', @value=N'用户ID' , @level0type=N'SCHEMA',@level0name=N'dbo', @level1type=N'TABLE',@level1name=N'sys_user_role', @level2type=N'COLUMN',@level2name=N'user_id'
GO
EXEC sys.sp_addextendedproperty @name=N'MS_Description', @value=N'角色ID' , @level0type=N'SCHEMA',@level0name=N'dbo', @level1type=N'TABLE',@level1name=N'sys_user_role', @level2type=N'COLUMN',@level2name=N'role_id'
GO
EXEC sys.sp_addextendedproperty @name=N'MS_Description', @value=N'用户和角色关联表' , @level0type=N'SCHEMA',@level0name=N'dbo', @level1type=N'TABLE',@level1name=N'sys_user_role'
GO

-- ----------------------------
-- 初始化-用户和角色关联表数据
-- ----------------------------
INSERT INTO [dbo].[sys_user_role] (user_id, role_id) VALUES
('1', '1'),
('2', '2')
GO

-- ----------------------------
-- 7、角色和菜单关联表  角色1-N菜单
-- ----------------------------
IF object_id(N'[dbo].[sys_role_menu]', N'U') IS NOT NULL
	DROP TABLE [dbo].[sys_role_menu]
SET ANSI_NULLS ON
GO
SET QUOTED_IDENTIFIER ON
GO
CREATE TABLE [dbo].[sys_role_menu](
	[role_id] [bigint] NOT NULL,
	[menu_id] [bigint] NOT NULL,
 CONSTRAINT [PK_sys_role_menu] PRIMARY KEY CLUSTERED 
(
	[role_id] ASC,
	[menu_id] ASC
)WITH (PAD_INDEX = OFF, STATISTICS_NORECOMPUTE = OFF, IGNORE_DUP_KEY = OFF, ALLOW_ROW_LOCKS = ON, ALLOW_PAGE_LOCKS = ON) ON [PRIMARY]
) ON [PRIMARY]
GO

EXEC sys.sp_addextendedproperty @name=N'MS_Description', @value=N'角色ID' , @level0type=N'SCHEMA',@level0name=N'dbo', @level1type=N'TABLE',@level1name=N'sys_role_menu', @level2type=N'COLUMN',@level2name=N'role_id'
GO
EXEC sys.sp_addextendedproperty @name=N'MS_Description', @value=N'菜单ID' , @level0type=N'SCHEMA',@level0name=N'dbo', @level1type=N'TABLE',@level1name=N'sys_role_menu', @level2type=N'COLUMN',@level2name=N'menu_id'
GO
EXEC sys.sp_addextendedproperty @name=N'MS_Description', @value=N'角色和菜单关联表' , @level0type=N'SCHEMA',@level0name=N'dbo', @level1type=N'TABLE',@level1name=N'sys_role_menu'
GO

-- ----------------------------
-- 初始化-角色和菜单关联表数据
-- ----------------------------
INSERT INTO [dbo].[sys_role_menu] (role_id, menu_id) VALUES
('2', '1'),
('2', '2'),
('2', '3'),
('2', '4'),
('2', '100'),
('2', '101'),
('2', '102'),
('2', '103'),
('2', '104'),
('2', '105'),
('2', '106'),
('2', '107'),
('2', '108'),
('2', '109'),
('2', '110'),
('2', '111'),
('2', '112'),
('2', '113'),
('2', '114'),
('2', '115'),
('2', '116'),
('2', '117'),
('2', '500'),
('2', '501'),
('2', '1000'),
('2', '1001'),
('2', '1002'),
('2', '1003'),
('2', '1004'),
('2', '1005'),
('2', '1006'),
('2', '1007'),
('2', '1008'),
('2', '1009'),
('2', '1010'),
('2', '1011'),
('2', '1012'),
('2', '1013'),
('2', '1014'),
('2', '1015'),
('2', '1016'),
('2', '1017'),
('2', '1018'),
('2', '1019'),
('2', '1020'),
('2', '1021'),
('2', '1022'),
('2', '1023'),
('2', '1024'),
('2', '1025'),
('2', '1026'),
('2', '1027'),
('2', '1028'),
('2', '1029'),
('2', '1030'),
('2', '1031'),
('2', '1032'),
('2', '1033'),
('2', '1034'),
('2', '1035'),
('2', '1036'),
('2', '1037'),
('2', '1038'),
('2', '1039'),
('2', '1040'),
('2', '1041'),
('2', '1042'),
('2', '1043'),
('2', '1044'),
('2', '1045'),
('2', '1046'),
('2', '1047'),
('2', '1048'),
('2', '1049'),
('2', '1050'),
('2', '1051'),
('2', '1052'),
('2', '1053'),
('2', '1054'),
('2', '1055'),
('2', '1056'),
('2', '1057'),
('2', '1058'),
('2', '1059'),
('2', '1060')
GO

-- ----------------------------
-- 8、角色和部门关联表  角色1-N部门
-- ----------------------------
IF object_id(N'[dbo].[sys_role_dept]', N'U') IS NOT NULL
	DROP TABLE [dbo].[sys_role_dept]
SET ANSI_NULLS ON
GO
SET QUOTED_IDENTIFIER ON
GO
CREATE TABLE [dbo].[sys_role_dept](
	[role_id] [bigint] NOT NULL,
	[dept_id] [bigint] NOT NULL,
 CONSTRAINT [PK_sys_role_dept] PRIMARY KEY CLUSTERED 
(
	[role_id] ASC,
	[dept_id] ASC
)WITH (PAD_INDEX = OFF, STATISTICS_NORECOMPUTE = OFF, IGNORE_DUP_KEY = OFF, ALLOW_ROW_LOCKS = ON, ALLOW_PAGE_LOCKS = ON) ON [PRIMARY]
) ON [PRIMARY]
GO

EXEC sys.sp_addextendedproperty @name=N'MS_Description', @value=N'角色ID' , @level0type=N'SCHEMA',@level0name=N'dbo', @level1type=N'TABLE',@level1name=N'sys_role_dept', @level2type=N'COLUMN',@level2name=N'role_id'
GO
EXEC sys.sp_addextendedproperty @name=N'MS_Description', @value=N'部门ID' , @level0type=N'SCHEMA',@level0name=N'dbo', @level1type=N'TABLE',@level1name=N'sys_role_dept', @level2type=N'COLUMN',@level2name=N'dept_id'
GO
EXEC sys.sp_addextendedproperty @name=N'MS_Description', @value=N'角色和部门关联表' , @level0type=N'SCHEMA',@level0name=N'dbo', @level1type=N'TABLE',@level1name=N'sys_role_dept'
GO

-- ----------------------------
-- 初始化-角色和部门关联表数据
-- ----------------------------
INSERT INTO [dbo].[sys_role_dept] (role_id, dept_id) VALUES
('2', '100'),
('2', '101'),
('2', '105')
GO

-- ----------------------------
-- 9、用户与岗位关联表  用户1-N岗位
-- ----------------------------
IF object_id(N'[dbo].[sys_user_post]', N'U') IS NOT NULL
	DROP TABLE [dbo].[sys_user_post]
SET ANSI_NULLS ON
GO
SET QUOTED_IDENTIFIER ON
GO
CREATE TABLE [dbo].[sys_user_post](
	[user_id] [bigint] NOT NULL,
	[post_id] [bigint] NOT NULL,
 CONSTRAINT [PK_sys_user_post] PRIMARY KEY CLUSTERED 
(
	[user_id] ASC,
	[post_id] ASC
)WITH (PAD_INDEX = OFF, STATISTICS_NORECOMPUTE = OFF, IGNORE_DUP_KEY = OFF, ALLOW_ROW_LOCKS = ON, ALLOW_PAGE_LOCKS = ON) ON [PRIMARY]
) ON [PRIMARY]
GO

EXEC sys.sp_addextendedproperty @name=N'MS_Description', @value=N'用户ID' , @level0type=N'SCHEMA',@level0name=N'dbo', @level1type=N'TABLE',@level1name=N'sys_user_post', @level2type=N'COLUMN',@level2name=N'user_id'
GO
EXEC sys.sp_addextendedproperty @name=N'MS_Description', @value=N'岗位ID' , @level0type=N'SCHEMA',@level0name=N'dbo', @level1type=N'TABLE',@level1name=N'sys_user_post', @level2type=N'COLUMN',@level2name=N'post_id'
GO
EXEC sys.sp_addextendedproperty @name=N'MS_Description', @value=N'用户与岗位关联表' , @level0type=N'SCHEMA',@level0name=N'dbo', @level1type=N'TABLE',@level1name=N'sys_user_post'
GO

-- ----------------------------
-- 初始化-用户与岗位关联表数据
-- ----------------------------
INSERT INTO [dbo].[sys_user_post] (user_id, post_id) VALUES
('1', '1'),
('2', '2')
GO

-- ----------------------------
-- 10、操作日志记录
-- ----------------------------
IF object_id(N'[dbo].[sys_oper_log]', N'U') IS NOT NULL
	DROP TABLE [dbo].[sys_oper_log]
SET ANSI_NULLS ON
GO
SET QUOTED_IDENTIFIER ON
GO
CREATE TABLE [dbo].[sys_oper_log](
	[oper_id] [bigint] IDENTITY(1,1) NOT NULL,
	[title] [varchar](50) NULL,
	[business_type] [int] NULL,
	[method] [varchar](100) NULL,
	[request_method] [varchar](10) NULL,
	[operator_type] [int] NULL,
	[oper_name] [varchar](50) NULL,
	[dept_name] [varchar](50) NULL,
	[oper_url] [varchar](255) NULL,
	[oper_ip] [varchar](128) NULL,
	[oper_location] [varchar](255) NULL,
	[oper_param] [varchar](2000) NULL,
	[json_result] [varchar](2000) NULL,
	[status] [int] NULL,
	[error_msg] [varchar](2000) NULL,
	[oper_time] [datetime] NULL,
	[cost_time] [bigint] NULL,
 CONSTRAINT [PK_sys_oper_log] PRIMARY KEY CLUSTERED 
(
	[oper_id] ASC
)WITH (PAD_INDEX = OFF, STATISTICS_NORECOMPUTE = OFF, IGNORE_DUP_KEY = OFF, ALLOW_ROW_LOCKS = ON, ALLOW_PAGE_LOCKS = ON) ON [PRIMARY]
) ON [PRIMARY]
GO

ALTER TABLE [dbo].[sys_oper_log] ADD  CONSTRAINT [DF_sys_oper_log_business_type]  DEFAULT ((0)) FOR [business_type]
GO
ALTER TABLE [dbo].[sys_oper_log] ADD  CONSTRAINT [DF_sys_oper_log_operator_type]  DEFAULT ((0)) FOR [operator_type]
GO
ALTER TABLE [dbo].[sys_oper_log] ADD  CONSTRAINT [DF_sys_oper_log_status]  DEFAULT ((0)) FOR [status]
GO
ALTER TABLE [dbo].[sys_oper_log] ADD  CONSTRAINT [DF_sys_oper_log_cost_time]  DEFAULT ((0)) FOR [cost_time]
GO
EXEC sys.sp_addextendedproperty @name=N'MS_Description', @value=N'日志主键' , @level0type=N'SCHEMA',@level0name=N'dbo', @level1type=N'TABLE',@level1name=N'sys_oper_log', @level2type=N'COLUMN',@level2name=N'oper_id'
GO
EXEC sys.sp_addextendedproperty @name=N'MS_Description', @value=N'模块标题' , @level0type=N'SCHEMA',@level0name=N'dbo', @level1type=N'TABLE',@level1name=N'sys_oper_log', @level2type=N'COLUMN',@level2name=N'title'
GO
EXEC sys.sp_addextendedproperty @name=N'MS_Description', @value=N'业务类型（0其它 1新增 2修改 3删除）' , @level0type=N'SCHEMA',@level0name=N'dbo', @level1type=N'TABLE',@level1name=N'sys_oper_log', @level2type=N'COLUMN',@level2name=N'business_type'
GO
EXEC sys.sp_addextendedproperty @name=N'MS_Description', @value=N'方法名称' , @level0type=N'SCHEMA',@level0name=N'dbo', @level1type=N'TABLE',@level1name=N'sys_oper_log', @level2type=N'COLUMN',@level2name=N'method'
GO
EXEC sys.sp_addextendedproperty @name=N'MS_Description', @value=N'请求方式' , @level0type=N'SCHEMA',@level0name=N'dbo', @level1type=N'TABLE',@level1name=N'sys_oper_log', @level2type=N'COLUMN',@level2name=N'request_method'
GO
EXEC sys.sp_addextendedproperty @name=N'MS_Description', @value=N'操作类别（0其它 1后台用户 2手机端用户）' , @level0type=N'SCHEMA',@level0name=N'dbo', @level1type=N'TABLE',@level1name=N'sys_oper_log', @level2type=N'COLUMN',@level2name=N'operator_type'
GO
EXEC sys.sp_addextendedproperty @name=N'MS_Description', @value=N'操作人员' , @level0type=N'SCHEMA',@level0name=N'dbo', @level1type=N'TABLE',@level1name=N'sys_oper_log', @level2type=N'COLUMN',@level2name=N'oper_name'
GO
EXEC sys.sp_addextendedproperty @name=N'MS_Description', @value=N'部门名称' , @level0type=N'SCHEMA',@level0name=N'dbo', @level1type=N'TABLE',@level1name=N'sys_oper_log', @level2type=N'COLUMN',@level2name=N'dept_name'
GO
EXEC sys.sp_addextendedproperty @name=N'MS_Description', @value=N'请求URL' , @level0type=N'SCHEMA',@level0name=N'dbo', @level1type=N'TABLE',@level1name=N'sys_oper_log', @level2type=N'COLUMN',@level2name=N'oper_url'
GO
EXEC sys.sp_addextendedproperty @name=N'MS_Description', @value=N'主机地址' , @level0type=N'SCHEMA',@level0name=N'dbo', @level1type=N'TABLE',@level1name=N'sys_oper_log', @level2type=N'COLUMN',@level2name=N'oper_ip'
GO
EXEC sys.sp_addextendedproperty @name=N'MS_Description', @value=N'操作地点' , @level0type=N'SCHEMA',@level0name=N'dbo', @level1type=N'TABLE',@level1name=N'sys_oper_log', @level2type=N'COLUMN',@level2name=N'oper_location'
GO
EXEC sys.sp_addextendedproperty @name=N'MS_Description', @value=N'请求参数' , @level0type=N'SCHEMA',@level0name=N'dbo', @level1type=N'TABLE',@level1name=N'sys_oper_log', @level2type=N'COLUMN',@level2name=N'oper_param'
GO
EXEC sys.sp_addextendedproperty @name=N'MS_Description', @value=N'操作状态（0正常 1异常）' , @level0type=N'SCHEMA',@level0name=N'dbo', @level1type=N'TABLE',@level1name=N'sys_oper_log', @level2type=N'COLUMN',@level2name=N'status'
GO
EXEC sys.sp_addextendedproperty @name=N'MS_Description', @value=N'错误消息' , @level0type=N'SCHEMA',@level0name=N'dbo', @level1type=N'TABLE',@level1name=N'sys_oper_log', @level2type=N'COLUMN',@level2name=N'error_msg'
GO
EXEC sys.sp_addextendedproperty @name=N'MS_Description', @value=N'操作时间' , @level0type=N'SCHEMA',@level0name=N'dbo', @level1type=N'TABLE',@level1name=N'sys_oper_log', @level2type=N'COLUMN',@level2name=N'oper_time'
GO
EXEC sys.sp_addextendedproperty @name=N'MS_Description', @value=N'消耗时间' , @level0type=N'SCHEMA',@level0name=N'dbo', @level1type=N'TABLE',@level1name=N'sys_oper_log', @level2type=N'COLUMN',@level2name=N'cost_time'
GO
EXEC sys.sp_addextendedproperty @name=N'MS_Description', @value=N'操作日志记录' , @level0type=N'SCHEMA',@level0name=N'dbo', @level1type=N'TABLE',@level1name=N'sys_oper_log'
GO
CREATE NONCLUSTERED INDEX idx_sys_oper_log_bt ON [dbo].[sys_oper_log](business_type)
CREATE NONCLUSTERED INDEX idx_sys_oper_log_s ON [dbo].[sys_oper_log](status)
CREATE NONCLUSTERED INDEX idx_sys_oper_log_ot ON [dbo].[sys_oper_log](oper_time)
GO

-- ----------------------------
-- 11、字典类型表
-- ----------------------------
IF object_id(N'[dbo].[sys_dict_type]', N'U') IS NOT NULL
	DROP TABLE [dbo].[sys_dict_type]
SET ANSI_NULLS ON
GO
SET QUOTED_IDENTIFIER ON
GO
CREATE TABLE [dbo].[sys_dict_type](
	[dict_id] [bigint] IDENTITY(1,1) NOT NULL,
	[dict_name] [varchar](100) NULL,
	[dict_type] [varchar](100) NULL,
	[status] [char](1) NOT NULL,
	[create_by] [varchar](64) NULL,
	[create_time] [datetime] NULL,
	[update_by] [varchar](64) NULL,
	[update_time] [datetime] NULL,
	[remark] [varchar](500) NULL,
 CONSTRAINT [PK_sys_dict_type] PRIMARY KEY CLUSTERED 
(
	[dict_id] ASC
)WITH (PAD_INDEX = OFF, STATISTICS_NORECOMPUTE = OFF, IGNORE_DUP_KEY = OFF, ALLOW_ROW_LOCKS = ON, ALLOW_PAGE_LOCKS = ON) ON [PRIMARY]
) ON [PRIMARY]
GO

EXEC sys.sp_addextendedproperty @name=N'MS_Description', @value=N'字典主键' , @level0type=N'SCHEMA',@level0name=N'dbo', @level1type=N'TABLE',@level1name=N'sys_dict_type', @level2type=N'COLUMN',@level2name=N'dict_id'
GO
EXEC sys.sp_addextendedproperty @name=N'MS_Description', @value=N'字典名称' , @level0type=N'SCHEMA',@level0name=N'dbo', @level1type=N'TABLE',@level1name=N'sys_dict_type', @level2type=N'COLUMN',@level2name=N'dict_name'
GO
EXEC sys.sp_addextendedproperty @name=N'MS_Description', @value=N'字典类型' , @level0type=N'SCHEMA',@level0name=N'dbo', @level1type=N'TABLE',@level1name=N'sys_dict_type', @level2type=N'COLUMN',@level2name=N'dict_type'
GO
EXEC sys.sp_addextendedproperty @name=N'MS_Description', @value=N'状态（0正常 1停用）' , @level0type=N'SCHEMA',@level0name=N'dbo', @level1type=N'TABLE',@level1name=N'sys_dict_type', @level2type=N'COLUMN',@level2name=N'status'
GO
EXEC sys.sp_addextendedproperty @name=N'MS_Description', @value=N'创建者' , @level0type=N'SCHEMA',@level0name=N'dbo', @level1type=N'TABLE',@level1name=N'sys_dict_type', @level2type=N'COLUMN',@level2name=N'create_by'
GO
EXEC sys.sp_addextendedproperty @name=N'MS_Description', @value=N'创建时间' , @level0type=N'SCHEMA',@level0name=N'dbo', @level1type=N'TABLE',@level1name=N'sys_dict_type', @level2type=N'COLUMN',@level2name=N'create_time'
GO
EXEC sys.sp_addextendedproperty @name=N'MS_Description', @value=N'更新者' , @level0type=N'SCHEMA',@level0name=N'dbo', @level1type=N'TABLE',@level1name=N'sys_dict_type', @level2type=N'COLUMN',@level2name=N'update_by'
GO
EXEC sys.sp_addextendedproperty @name=N'MS_Description', @value=N'更新时间' , @level0type=N'SCHEMA',@level0name=N'dbo', @level1type=N'TABLE',@level1name=N'sys_dict_type', @level2type=N'COLUMN',@level2name=N'update_time'
GO
EXEC sys.sp_addextendedproperty @name=N'MS_Description', @value=N'备注' , @level0type=N'SCHEMA',@level0name=N'dbo', @level1type=N'TABLE',@level1name=N'sys_dict_type', @level2type=N'COLUMN',@level2name=N'remark'
GO
EXEC sys.sp_addextendedproperty @name=N'MS_Description', @value=N'字典类型表' , @level0type=N'SCHEMA',@level0name=N'dbo', @level1type=N'TABLE',@level1name=N'sys_dict_type'
GO

SET IDENTITY_INSERT [dbo].[sys_dict_type] ON 
GO
INSERT INTO [dbo].[sys_dict_type] (dict_id, dict_name, dict_type, status, create_by, create_time, update_by, update_time, remark) VALUES
(1,  '用户性别', 'sys_user_sex',        '0', 'admin', GETDATE(), '', null, '用户性别列表'),
(2,  '菜单状态', 'sys_show_hide',       '0', 'admin', GETDATE(), '', null, '菜单状态列表'),
(3,  '系统开关', 'sys_normal_disable',  '0', 'admin', GETDATE(), '', null, '系统开关列表'),
(4,  '任务状态', 'sys_job_status',      '0', 'admin', GETDATE(), '', null, '任务状态列表'),
(5,  '任务分组', 'sys_job_group',       '0', 'admin', GETDATE(), '', null, '任务分组列表'),
(6,  '系统是否', 'sys_yes_no',          '0', 'admin', GETDATE(), '', null, '系统是否列表'),
(7,  '通知类型', 'sys_notice_type',     '0', 'admin', GETDATE(), '', null, '通知类型列表'),
(8,  '通知状态', 'sys_notice_status',   '0', 'admin', GETDATE(), '', null, '通知状态列表'),
(9,  '操作类型', 'sys_oper_type',       '0', 'admin', GETDATE(), '', null, '操作类型列表'),
(10, '系统状态', 'sys_common_status',   '0', 'admin', GETDATE(), '', null, '登录状态列表')
GO
SET IDENTITY_INSERT [dbo].[sys_dict_type] OFF
GO

-- ----------------------------
-- 12、字典数据表
-- ----------------------------

IF object_id(N'[dbo].[sys_dict_data]', N'U') IS NOT NULL
	DROP TABLE [dbo].[sys_dict_data]
SET ANSI_NULLS ON
GO
SET QUOTED_IDENTIFIER ON
GO
CREATE TABLE [dbo].[sys_dict_data](
	[dict_code] [bigint] IDENTITY(1,1) NOT NULL,
	[dict_sort] [int] NULL,
	[dict_label] [varchar](100) NULL,
	[dict_value] [varchar](100) NULL,
	[dict_type] [varchar](100) NULL,
	[css_class] [varchar](100) NULL,
	[list_class] [varchar](100) NULL,
	[is_default] [char](1) NULL,
	[status] [char](1) NOT NULL,
	[create_by] [varchar](64) NULL,
	[create_time] [datetime] NULL,
	[update_by] [varchar](64) NULL,
	[update_time] [datetime] NULL,
	[remark] [varchar](500) NULL,
 CONSTRAINT [PK_sys_dict_data] PRIMARY KEY CLUSTERED 
(
	[dict_code] ASC
)WITH (PAD_INDEX = OFF, STATISTICS_NORECOMPUTE = OFF, IGNORE_DUP_KEY = OFF, ALLOW_ROW_LOCKS = ON, ALLOW_PAGE_LOCKS = ON) ON [PRIMARY]
) ON [PRIMARY]
GO

ALTER TABLE [dbo].[sys_dict_data] ADD  CONSTRAINT [DF_sys_dict_data_dict_sort]  DEFAULT ((0)) FOR [dict_sort]
GO
ALTER TABLE [dbo].[sys_dict_data] ADD  CONSTRAINT [DF_sys_dict_data_is_default]  DEFAULT ('N') FOR [is_default]
GO
ALTER TABLE [dbo].[sys_dict_data] ADD  CONSTRAINT [DF_sys_dict_data_status]  DEFAULT ((0)) FOR [status]
GO
EXEC sys.sp_addextendedproperty @name=N'MS_Description', @value=N'字典编码' , @level0type=N'SCHEMA',@level0name=N'dbo', @level1type=N'TABLE',@level1name=N'sys_dict_data', @level2type=N'COLUMN',@level2name=N'dict_code'
GO
EXEC sys.sp_addextendedproperty @name=N'MS_Description', @value=N'字典排序' , @level0type=N'SCHEMA',@level0name=N'dbo', @level1type=N'TABLE',@level1name=N'sys_dict_data', @level2type=N'COLUMN',@level2name=N'dict_sort'
GO
EXEC sys.sp_addextendedproperty @name=N'MS_Description', @value=N'字典标签' , @level0type=N'SCHEMA',@level0name=N'dbo', @level1type=N'TABLE',@level1name=N'sys_dict_data', @level2type=N'COLUMN',@level2name=N'dict_label'
GO
EXEC sys.sp_addextendedproperty @name=N'MS_Description', @value=N'字典键值' , @level0type=N'SCHEMA',@level0name=N'dbo', @level1type=N'TABLE',@level1name=N'sys_dict_data', @level2type=N'COLUMN',@level2name=N'dict_value'
GO
EXEC sys.sp_addextendedproperty @name=N'MS_Description', @value=N'字典类型' , @level0type=N'SCHEMA',@level0name=N'dbo', @level1type=N'TABLE',@level1name=N'sys_dict_data', @level2type=N'COLUMN',@level2name=N'dict_type'
GO
EXEC sys.sp_addextendedproperty @name=N'MS_Description', @value=N'样式属性（其他样式扩展）' , @level0type=N'SCHEMA',@level0name=N'dbo', @level1type=N'TABLE',@level1name=N'sys_dict_data', @level2type=N'COLUMN',@level2name=N'css_class'
GO
EXEC sys.sp_addextendedproperty @name=N'MS_Description', @value=N'表格回显样式' , @level0type=N'SCHEMA',@level0name=N'dbo', @level1type=N'TABLE',@level1name=N'sys_dict_data', @level2type=N'COLUMN',@level2name=N'list_class'
GO
EXEC sys.sp_addextendedproperty @name=N'MS_Description', @value=N'是否默认（Y是 N否）' , @level0type=N'SCHEMA',@level0name=N'dbo', @level1type=N'TABLE',@level1name=N'sys_dict_data', @level2type=N'COLUMN',@level2name=N'is_default'
GO
EXEC sys.sp_addextendedproperty @name=N'MS_Description', @value=N'状态（0正常 1停用）' , @level0type=N'SCHEMA',@level0name=N'dbo', @level1type=N'TABLE',@level1name=N'sys_dict_data', @level2type=N'COLUMN',@level2name=N'status'
GO
EXEC sys.sp_addextendedproperty @name=N'MS_Description', @value=N'创建者' , @level0type=N'SCHEMA',@level0name=N'dbo', @level1type=N'TABLE',@level1name=N'sys_dict_data', @level2type=N'COLUMN',@level2name=N'create_by'
GO
EXEC sys.sp_addextendedproperty @name=N'MS_Description', @value=N'创建时间' , @level0type=N'SCHEMA',@level0name=N'dbo', @level1type=N'TABLE',@level1name=N'sys_dict_data', @level2type=N'COLUMN',@level2name=N'create_time'
GO
EXEC sys.sp_addextendedproperty @name=N'MS_Description', @value=N'更新者' , @level0type=N'SCHEMA',@level0name=N'dbo', @level1type=N'TABLE',@level1name=N'sys_dict_data', @level2type=N'COLUMN',@level2name=N'update_by'
GO
EXEC sys.sp_addextendedproperty @name=N'MS_Description', @value=N'更新时间' , @level0type=N'SCHEMA',@level0name=N'dbo', @level1type=N'TABLE',@level1name=N'sys_dict_data', @level2type=N'COLUMN',@level2name=N'update_time'
GO
EXEC sys.sp_addextendedproperty @name=N'MS_Description', @value=N'备注' , @level0type=N'SCHEMA',@level0name=N'dbo', @level1type=N'TABLE',@level1name=N'sys_dict_data', @level2type=N'COLUMN',@level2name=N'remark'
GO
EXEC sys.sp_addextendedproperty @name=N'MS_Description', @value=N'字典数据表' , @level0type=N'SCHEMA',@level0name=N'dbo', @level1type=N'TABLE',@level1name=N'sys_dict_data'
GO

SET IDENTITY_INSERT [dbo].[sys_dict_data] ON 
GO
INSERT INTO [dbo].[sys_dict_data] (dict_code, dict_sort, dict_label, dict_value, dict_type, css_class, list_class, is_default, status, create_by, create_time, update_by, update_time, remark) VALUES
(1,  1,  '男',       '0',       'sys_user_sex',        '',   '',        'Y', '0', 'admin', GETDATE(), '', null, '性别男'),
(2,  2,  '女',       '1',       'sys_user_sex',        '',   '',        'N', '0', 'admin', GETDATE(), '', null, '性别女'),
(3,  3,  '未知',     '2',       'sys_user_sex',        '',   '',        'N', '0', 'admin', GETDATE(), '', null, '性别未知'),
(4,  1,  '显示',     '0',       'sys_show_hide',       '',   'primary', 'Y', '0', 'admin', GETDATE(), '', null, '显示菜单'),
(5,  2,  '隐藏',     '1',       'sys_show_hide',       '',   'danger',  'N', '0', 'admin', GETDATE(), '', null, '隐藏菜单'),
(6,  1,  '正常',     '0',       'sys_normal_disable',  '',   'primary', 'Y', '0', 'admin', GETDATE(), '', null, '正常状态'),
(7,  2,  '停用',     '1',       'sys_normal_disable',  '',   'danger',  'N', '0', 'admin', GETDATE(), '', null, '停用状态'),
(8,  1,  '正常',     '0',       'sys_job_status',      '',   'primary', 'Y', '0', 'admin', GETDATE(), '', null, '正常状态'),
(9,  2,  '暂停',     '1',       'sys_job_status',      '',   'danger',  'N', '0', 'admin', GETDATE(), '', null, '停用状态'),
(10, 1,  '默认',     'DEFAULT', 'sys_job_group',       '',   '',        'Y', '0', 'admin', GETDATE(), '', null, '默认分组'),
(11, 2,  '系统',     'SYSTEM',  'sys_job_group',       '',   '',        'N', '0', 'admin', GETDATE(), '', null, '系统分组'),
(12, 1,  '是',       'Y',       'sys_yes_no',          '',   'primary', 'Y', '0', 'admin', GETDATE(), '', null, '系统默认是'),
(13, 2,  '否',       'N',       'sys_yes_no',          '',   'danger',  'N', '0', 'admin', GETDATE(), '', null, '系统默认否'),
(14, 1,  '通知',     '1',       'sys_notice_type',     '',   'warning', 'Y', '0', 'admin', GETDATE(), '', null, '通知'),
(15, 2,  '公告',     '2',       'sys_notice_type',     '',   'success', 'N', '0', 'admin', GETDATE(), '', null, '公告'),
(16, 1,  '正常',     '0',       'sys_notice_status',   '',   'primary', 'Y', '0', 'admin', GETDATE(), '', null, '正常状态'),
(17, 2,  '关闭',     '1',       'sys_notice_status',   '',   'danger',  'N', '0', 'admin', GETDATE(), '', null, '关闭状态'),
(18, 99, '其他',     '0',       'sys_oper_type',       '',   'info',    'N', '0', 'admin', GETDATE(), '', null, '其他操作'),
(19, 1,  '新增',     '1',       'sys_oper_type',       '',   'info',    'N', '0', 'admin', GETDATE(), '', null, '新增操作'),
(20, 2,  '修改',     '2',       'sys_oper_type',       '',   'info',    'N', '0', 'admin', GETDATE(), '', null, '修改操作'),
(21, 3,  '删除',     '3',       'sys_oper_type',       '',   'danger',  'N', '0', 'admin', GETDATE(), '', null, '删除操作'),
(22, 4,  '授权',     '4',       'sys_oper_type',       '',   'primary', 'N', '0', 'admin', GETDATE(), '', null, '授权操作'),
(23, 5,  '导出',     '5',       'sys_oper_type',       '',   'warning', 'N', '0', 'admin', GETDATE(), '', null, '导出操作'),
(24, 6,  '导入',     '6',       'sys_oper_type',       '',   'warning', 'N', '0', 'admin', GETDATE(), '', null, '导入操作'),
(25, 7,  '强退',     '7',       'sys_oper_type',       '',   'danger',  'N', '0', 'admin', GETDATE(), '', null, '强退操作'),
(26, 8,  '生成代码', '8',       'sys_oper_type',       '',   'warning', 'N', '0', 'admin', GETDATE(), '', null, '生成操作'),
(27, 9,  '清空数据', '9',       'sys_oper_type',       '',   'danger',  'N', '0', 'admin', GETDATE(), '', null, '清空操作'),
(28, 1,  '成功',     '0',       'sys_common_status',   '',   'primary', 'N', '0', 'admin', GETDATE(), '', null, '正常状态'),
(29, 2,  '失败',     '1',       'sys_common_status',   '',   'danger',  'N', '0', 'admin', GETDATE(), '', null, '停用状态')
GO
SET IDENTITY_INSERT [dbo].[sys_dict_data] OFF
GO

-- ----------------------------
-- 13、参数配置表
-- ----------------------------
IF object_id(N'[dbo].[sys_config]', N'U') IS NOT NULL
	DROP TABLE [dbo].[sys_config]
SET ANSI_NULLS ON
GO
SET QUOTED_IDENTIFIER ON
GO
CREATE TABLE [dbo].[sys_config](
	[config_id] [int] IDENTITY(1,1) NOT NULL,
	[config_name] [varchar](100) NULL,
	[config_key] [varchar](100) NULL,
	[config_value] [varchar](500) NULL,
	[config_type] [char](1) NULL,
	[create_by] [varchar](64) NULL,
	[create_time] [datetime] NULL,
	[update_by] [varchar](64) NULL,
	[update_time] [datetime] NULL,
	[remark] [varchar](500) NULL,
 CONSTRAINT [PK_sys_config] PRIMARY KEY CLUSTERED 
(
	[config_id] ASC
)WITH (PAD_INDEX = OFF, STATISTICS_NORECOMPUTE = OFF, IGNORE_DUP_KEY = OFF, ALLOW_ROW_LOCKS = ON, ALLOW_PAGE_LOCKS = ON) ON [PRIMARY]
) ON [PRIMARY]
GO
ALTER TABLE [dbo].[sys_config] ADD  CONSTRAINT [DF_sys_config_config_type]  DEFAULT ('N') FOR [config_type]
GO
EXEC sys.sp_addextendedproperty @name=N'MS_Description', @value=N'参数主键' , @level0type=N'SCHEMA',@level0name=N'dbo', @level1type=N'TABLE',@level1name=N'sys_config', @level2type=N'COLUMN',@level2name=N'config_id'
GO
EXEC sys.sp_addextendedproperty @name=N'MS_Description', @value=N'参数名称' , @level0type=N'SCHEMA',@level0name=N'dbo', @level1type=N'TABLE',@level1name=N'sys_config', @level2type=N'COLUMN',@level2name=N'config_name'
GO
EXEC sys.sp_addextendedproperty @name=N'MS_Description', @value=N'参数键名' , @level0type=N'SCHEMA',@level0name=N'dbo', @level1type=N'TABLE',@level1name=N'sys_config', @level2type=N'COLUMN',@level2name=N'config_key'
GO
EXEC sys.sp_addextendedproperty @name=N'MS_Description', @value=N'参数键值' , @level0type=N'SCHEMA',@level0name=N'dbo', @level1type=N'TABLE',@level1name=N'sys_config', @level2type=N'COLUMN',@level2name=N'config_value'
GO
EXEC sys.sp_addextendedproperty @name=N'MS_Description', @value=N'系统内置（Y是 N否）' , @level0type=N'SCHEMA',@level0name=N'dbo', @level1type=N'TABLE',@level1name=N'sys_config', @level2type=N'COLUMN',@level2name=N'config_type'
GO
EXEC sys.sp_addextendedproperty @name=N'MS_Description', @value=N'创建者' , @level0type=N'SCHEMA',@level0name=N'dbo', @level1type=N'TABLE',@level1name=N'sys_config', @level2type=N'COLUMN',@level2name=N'create_by'
GO
EXEC sys.sp_addextendedproperty @name=N'MS_Description', @value=N'创建时间' , @level0type=N'SCHEMA',@level0name=N'dbo', @level1type=N'TABLE',@level1name=N'sys_config', @level2type=N'COLUMN',@level2name=N'create_time'
GO
EXEC sys.sp_addextendedproperty @name=N'MS_Description', @value=N'更新者' , @level0type=N'SCHEMA',@level0name=N'dbo', @level1type=N'TABLE',@level1name=N'sys_config', @level2type=N'COLUMN',@level2name=N'update_by'
GO
EXEC sys.sp_addextendedproperty @name=N'MS_Description', @value=N'更新时间' , @level0type=N'SCHEMA',@level0name=N'dbo', @level1type=N'TABLE',@level1name=N'sys_config', @level2type=N'COLUMN',@level2name=N'update_time'
GO
EXEC sys.sp_addextendedproperty @name=N'MS_Description', @value=N'备注' , @level0type=N'SCHEMA',@level0name=N'dbo', @level1type=N'TABLE',@level1name=N'sys_config', @level2type=N'COLUMN',@level2name=N'remark'
GO
EXEC sys.sp_addextendedproperty @name=N'MS_Description', @value=N'参数配置表' , @level0type=N'SCHEMA',@level0name=N'dbo', @level1type=N'TABLE',@level1name=N'sys_config'
GO

SET IDENTITY_INSERT [dbo].[sys_config] ON 
GO
INSERT INTO [dbo].[sys_config] (config_id, config_name, config_key, config_value, config_type, create_by, create_time, update_by, update_time, remark) VALUES
(1, '主框架页-默认皮肤样式名称',     'sys.index.skinName',            'skin-blue',     'Y', 'admin', GETDATE(), '', null, '蓝色 skin-blue、绿色 skin-green、紫色 skin-purple、红色 skin-red、黄色 skin-yellow' ),
(2, '用户管理-账号初始密码',         'sys.user.initPassword',         '123456',        'Y', 'admin', GETDATE(), '', null, '初始化密码 123456' ),
(3, '主框架页-侧边栏主题',           'sys.index.sideTheme',           'theme-dark',    'Y', 'admin', GETDATE(), '', null, '深色主题theme-dark，浅色主题theme-light' ),
(4, '账号自助-验证码开关',           'sys.account.captchaEnabled',    'true',          'Y', 'admin', GETDATE(), '', null, '是否开启验证码功能（true开启，false关闭）'),
(5, '账号自助-是否开启用户注册功能', 'sys.account.registerUser',      'false',         'Y', 'admin', GETDATE(), '', null, '是否开启注册用户功能（true开启，false关闭）'),
(6, '用户登录-黑名单列表',           'sys.login.blackIPList',         '',              'Y', 'admin', GETDATE(), '', null, '设置登录IP黑名单限制，多个匹配项以,分隔，支持匹配（*通配、网段）')
GO
SET IDENTITY_INSERT [dbo].[sys_config] OFF
GO

-- ----------------------------
-- 14、系统访问记录
-- ----------------------------
IF object_id(N'[dbo].[sys_logininfor]', N'U') IS NOT NULL
	DROP TABLE [dbo].[sys_logininfor]
SET ANSI_NULLS ON
GO
SET QUOTED_IDENTIFIER ON
GO
CREATE TABLE [dbo].[sys_logininfor](
	[info_id] [bigint] IDENTITY(1,1) NOT NULL,
	[user_name] [varchar](50) NULL,
	[ipaddr] [varchar](128) NULL,
	[login_location] [varchar](255) NULL,
	[browser] [varchar](50) NULL,
	[os] [varchar](50) NULL,
	[status] [char](1) NULL,
	[msg] [varchar](255) NULL,
	[login_time] [datetime] NULL,
 CONSTRAINT [PK_sys_logininfor] PRIMARY KEY CLUSTERED 
(
	[info_id] ASC
)WITH (PAD_INDEX = OFF, STATISTICS_NORECOMPUTE = OFF, IGNORE_DUP_KEY = OFF, ALLOW_ROW_LOCKS = ON, ALLOW_PAGE_LOCKS = ON) ON [PRIMARY]
) ON [PRIMARY]
GO

ALTER TABLE [dbo].[sys_logininfor] ADD  CONSTRAINT [DF_sys_logininfor_status]  DEFAULT ((0)) FOR [status]
GO
EXEC sys.sp_addextendedproperty @name=N'MS_Description', @value=N'访问ID' , @level0type=N'SCHEMA',@level0name=N'dbo', @level1type=N'TABLE',@level1name=N'sys_logininfor', @level2type=N'COLUMN',@level2name=N'info_id'
GO
EXEC sys.sp_addextendedproperty @name=N'MS_Description', @value=N'用户账号' , @level0type=N'SCHEMA',@level0name=N'dbo', @level1type=N'TABLE',@level1name=N'sys_logininfor', @level2type=N'COLUMN',@level2name=N'user_name'
GO
EXEC sys.sp_addextendedproperty @name=N'MS_Description', @value=N'登录IP地址' , @level0type=N'SCHEMA',@level0name=N'dbo', @level1type=N'TABLE',@level1name=N'sys_logininfor', @level2type=N'COLUMN',@level2name=N'ipaddr'
GO
EXEC sys.sp_addextendedproperty @name=N'MS_Description', @value=N'登录地点' , @level0type=N'SCHEMA',@level0name=N'dbo', @level1type=N'TABLE',@level1name=N'sys_logininfor', @level2type=N'COLUMN',@level2name=N'login_location'
GO
EXEC sys.sp_addextendedproperty @name=N'MS_Description', @value=N'浏览器类型' , @level0type=N'SCHEMA',@level0name=N'dbo', @level1type=N'TABLE',@level1name=N'sys_logininfor', @level2type=N'COLUMN',@level2name=N'browser'
GO
EXEC sys.sp_addextendedproperty @name=N'MS_Description', @value=N'操作系统' , @level0type=N'SCHEMA',@level0name=N'dbo', @level1type=N'TABLE',@level1name=N'sys_logininfor', @level2type=N'COLUMN',@level2name=N'os'
GO
EXEC sys.sp_addextendedproperty @name=N'MS_Description', @value=N'登录状态（0成功 1失败）' , @level0type=N'SCHEMA',@level0name=N'dbo', @level1type=N'TABLE',@level1name=N'sys_logininfor', @level2type=N'COLUMN',@level2name=N'status'
GO
EXEC sys.sp_addextendedproperty @name=N'MS_Description', @value=N'提示消息' , @level0type=N'SCHEMA',@level0name=N'dbo', @level1type=N'TABLE',@level1name=N'sys_logininfor', @level2type=N'COLUMN',@level2name=N'msg'
GO
EXEC sys.sp_addextendedproperty @name=N'MS_Description', @value=N'访问时间' , @level0type=N'SCHEMA',@level0name=N'dbo', @level1type=N'TABLE',@level1name=N'sys_logininfor', @level2type=N'COLUMN',@level2name=N'login_time'
GO
EXEC sys.sp_addextendedproperty @name=N'MS_Description', @value=N'系统访问记录' , @level0type=N'SCHEMA',@level0name=N'dbo', @level1type=N'TABLE',@level1name=N'sys_logininfor'
GO

CREATE NONCLUSTERED INDEX idx_sys_logininfor_s ON [dbo].[sys_logininfor](status)
CREATE NONCLUSTERED INDEX idx_sys_logininfor_lt ON [dbo].[sys_logininfor](login_time)
GO

-- ----------------------------
-- 15、定时任务调度表
-- ----------------------------
IF object_id(N'[dbo].[sys_job]', N'U') IS NOT NULL
	DROP TABLE [dbo].[sys_job]
SET ANSI_NULLS ON
GO
SET QUOTED_IDENTIFIER ON
GO
CREATE TABLE [dbo].[sys_job](
	[job_id] [bigint] IDENTITY(1,1) NOT NULL,
	[job_name] [varchar](64) NOT NULL,
	[job_group] [varchar](64) NOT NULL,
	[invoke_target] [varchar](500) NOT NULL,
	[cron_expression] [varchar](255) NOT NULL,
	[misfire_policy] [varchar](20) NOT NULL,
	[concurrent] [char](1) NOT NULL,
	[status] [char](1) NOT NULL,
	[create_by] [varchar](64) NULL,
	[create_time] [datetime] NULL,
	[update_by] [varchar](64) NULL,
	[update_time] [datetime] NULL,
	[remark] [varchar](500) NULL,
 CONSTRAINT [PK_sys_job] PRIMARY KEY CLUSTERED 
(
	[job_id] ASC
)WITH (PAD_INDEX = OFF, STATISTICS_NORECOMPUTE = OFF, IGNORE_DUP_KEY = OFF, ALLOW_ROW_LOCKS = ON, ALLOW_PAGE_LOCKS = ON) ON [PRIMARY]
) ON [PRIMARY]
GO

ALTER TABLE [dbo].[sys_job] ADD  CONSTRAINT [DF_sys_job_misfire_policy]  DEFAULT ((3)) FOR [misfire_policy]
GO
ALTER TABLE [dbo].[sys_job] ADD  CONSTRAINT [DF_sys_job_concurrent]  DEFAULT ((1)) FOR [concurrent]
GO
EXEC sys.sp_addextendedproperty @name=N'MS_Description', @value=N'任务名称' , @level0type=N'SCHEMA',@level0name=N'dbo', @level1type=N'TABLE',@level1name=N'sys_job', @level2type=N'COLUMN',@level2name=N'job_name'
GO
EXEC sys.sp_addextendedproperty @name=N'MS_Description', @value=N'任务组名' , @level0type=N'SCHEMA',@level0name=N'dbo', @level1type=N'TABLE',@level1name=N'sys_job', @level2type=N'COLUMN',@level2name=N'job_group'
GO
EXEC sys.sp_addextendedproperty @name=N'MS_Description', @value=N'调用目标字符串' , @level0type=N'SCHEMA',@level0name=N'dbo', @level1type=N'TABLE',@level1name=N'sys_job', @level2type=N'COLUMN',@level2name=N'invoke_target'
GO
EXEC sys.sp_addextendedproperty @name=N'MS_Description', @value=N'cron执行表达式' , @level0type=N'SCHEMA',@level0name=N'dbo', @level1type=N'TABLE',@level1name=N'sys_job', @level2type=N'COLUMN',@level2name=N'cron_expression'
GO
EXEC sys.sp_addextendedproperty @name=N'MS_Description', @value=N'计划执行错误策略（1立即执行 2执行一次 3放弃执行）' , @level0type=N'SCHEMA',@level0name=N'dbo', @level1type=N'TABLE',@level1name=N'sys_job', @level2type=N'COLUMN',@level2name=N'misfire_policy'
GO
EXEC sys.sp_addextendedproperty @name=N'MS_Description', @value=N'是否并发执行（0允许 1禁止）' , @level0type=N'SCHEMA',@level0name=N'dbo', @level1type=N'TABLE',@level1name=N'sys_job', @level2type=N'COLUMN',@level2name=N'concurrent'
GO
EXEC sys.sp_addextendedproperty @name=N'MS_Description', @value=N'状态（0正常 1停用）' , @level0type=N'SCHEMA',@level0name=N'dbo', @level1type=N'TABLE',@level1name=N'sys_job', @level2type=N'COLUMN',@level2name=N'status'
GO
EXEC sys.sp_addextendedproperty @name=N'MS_Description', @value=N'创建者' , @level0type=N'SCHEMA',@level0name=N'dbo', @level1type=N'TABLE',@level1name=N'sys_job', @level2type=N'COLUMN',@level2name=N'create_by'
GO
EXEC sys.sp_addextendedproperty @name=N'MS_Description', @value=N'创建时间' , @level0type=N'SCHEMA',@level0name=N'dbo', @level1type=N'TABLE',@level1name=N'sys_job', @level2type=N'COLUMN',@level2name=N'create_time'
GO
EXEC sys.sp_addextendedproperty @name=N'MS_Description', @value=N'更新者' , @level0type=N'SCHEMA',@level0name=N'dbo', @level1type=N'TABLE',@level1name=N'sys_job', @level2type=N'COLUMN',@level2name=N'update_by'
GO
EXEC sys.sp_addextendedproperty @name=N'MS_Description', @value=N'更新时间' , @level0type=N'SCHEMA',@level0name=N'dbo', @level1type=N'TABLE',@level1name=N'sys_job', @level2type=N'COLUMN',@level2name=N'update_time'
GO
EXEC sys.sp_addextendedproperty @name=N'MS_Description', @value=N'备注' , @level0type=N'SCHEMA',@level0name=N'dbo', @level1type=N'TABLE',@level1name=N'sys_job', @level2type=N'COLUMN',@level2name=N'remark'
GO
EXEC sys.sp_addextendedproperty @name=N'MS_Description', @value=N'定时任务调度表' , @level0type=N'SCHEMA',@level0name=N'dbo', @level1type=N'TABLE',@level1name=N'sys_job'
GO

SET IDENTITY_INSERT [dbo].[sys_job] ON 
GO
INSERT INTO [dbo].[sys_job] (job_id, job_name, job_group, invoke_target, cron_expression, misfire_policy, concurrent, status, create_by, create_time, update_by, update_time, remark) VALUES
(1, '系统默认（无参）', 'DEFAULT', 'ryTask.RyNoParams',        '0/10 * * * * ?', '3', '1', '1', 'admin', GETDATE(), '', null, ''),
(2, '系统默认（有参）', 'DEFAULT', 'ryTask.RyParams(''ry'')',  '0/15 * * * * ?', '3', '1', '1', 'admin', GETDATE(), '', null, ''),
(3, '系统默认（多参）', 'DEFAULT', 'ryTask.RyMultipleParams(''ry'', true, 2000L, 316.50D, 100)',  '0/20 * * * * ?', '3', '1', '1', 'admin', GETDATE(), '', null, '')
GO
SET IDENTITY_INSERT [dbo].[sys_job] OFF
GO

-- ----------------------------
-- 16、定时任务调度日志表
-- ----------------------------
IF object_id(N'[dbo].[sys_job_log]', N'U') IS NOT NULL
	DROP TABLE [dbo].[sys_job_log]
SET ANSI_NULLS ON
GO
SET QUOTED_IDENTIFIER ON
GO
CREATE TABLE [dbo].[sys_job_log](
	[job_log_id] [bigint] IDENTITY(1,1) NOT NULL,
	[job_name] [varchar](64) NULL,
	[job_group] [varchar](64) NULL,
	[invoke_target] [varchar](500) NULL,
	[job_message] [varchar](500) NULL,
	[status] [char](1) NOT NULL,
	[exception_info] [varchar](2000) NULL,
	[create_time] [datetime] NULL,
 CONSTRAINT [PK_sys_job_log] PRIMARY KEY CLUSTERED 
(
	[job_log_id] ASC
)WITH (PAD_INDEX = OFF, STATISTICS_NORECOMPUTE = OFF, IGNORE_DUP_KEY = OFF, ALLOW_ROW_LOCKS = ON, ALLOW_PAGE_LOCKS = ON) ON [PRIMARY]
) ON [PRIMARY]
GO
ALTER TABLE [dbo].[sys_job_log] ADD  CONSTRAINT [DF_sys_job_log_status]  DEFAULT ((0)) FOR [status]
GO
EXEC sys.sp_addextendedproperty @name=N'MS_Description', @value=N'任务日志ID' , @level0type=N'SCHEMA',@level0name=N'dbo', @level1type=N'TABLE',@level1name=N'sys_job_log', @level2type=N'COLUMN',@level2name=N'job_log_id'
GO
EXEC sys.sp_addextendedproperty @name=N'MS_Description', @value=N'任务名称' , @level0type=N'SCHEMA',@level0name=N'dbo', @level1type=N'TABLE',@level1name=N'sys_job_log', @level2type=N'COLUMN',@level2name=N'job_name'
GO
EXEC sys.sp_addextendedproperty @name=N'MS_Description', @value=N'任务组名' , @level0type=N'SCHEMA',@level0name=N'dbo', @level1type=N'TABLE',@level1name=N'sys_job_log', @level2type=N'COLUMN',@level2name=N'job_group'
GO
EXEC sys.sp_addextendedproperty @name=N'MS_Description', @value=N'调用目标字符串' , @level0type=N'SCHEMA',@level0name=N'dbo', @level1type=N'TABLE',@level1name=N'sys_job_log', @level2type=N'COLUMN',@level2name=N'invoke_target'
GO
EXEC sys.sp_addextendedproperty @name=N'MS_Description', @value=N'日志信息' , @level0type=N'SCHEMA',@level0name=N'dbo', @level1type=N'TABLE',@level1name=N'sys_job_log', @level2type=N'COLUMN',@level2name=N'job_message'
GO
EXEC sys.sp_addextendedproperty @name=N'MS_Description', @value=N'执行状态（0正常 1失败）' , @level0type=N'SCHEMA',@level0name=N'dbo', @level1type=N'TABLE',@level1name=N'sys_job_log', @level2type=N'COLUMN',@level2name=N'status'
GO
EXEC sys.sp_addextendedproperty @name=N'MS_Description', @value=N'异常信息' , @level0type=N'SCHEMA',@level0name=N'dbo', @level1type=N'TABLE',@level1name=N'sys_job_log', @level2type=N'COLUMN',@level2name=N'exception_info'
GO
EXEC sys.sp_addextendedproperty @name=N'MS_Description', @value=N'创建时间' , @level0type=N'SCHEMA',@level0name=N'dbo', @level1type=N'TABLE',@level1name=N'sys_job_log', @level2type=N'COLUMN',@level2name=N'create_time'
GO
EXEC sys.sp_addextendedproperty @name=N'MS_Description', @value=N'定时任务调度日志表' , @level0type=N'SCHEMA',@level0name=N'dbo', @level1type=N'TABLE',@level1name=N'sys_job_log'
GO

-- ----------------------------
-- 17、通知公告表
-- ----------------------------
IF object_id(N'[dbo].[sys_notice]', N'U') IS NOT NULL
	DROP TABLE [dbo].[sys_notice]
SET ANSI_NULLS ON
GO
SET QUOTED_IDENTIFIER ON
GO
CREATE TABLE [dbo].[sys_notice](
	[notice_id] [int] IDENTITY(1,1) NOT NULL,
	[notice_title] [varchar](50) NOT NULL,
	[notice_type] [char](1) NULL,
	[notice_content] [varchar](max) NULL,
	[status] [char](1) NOT NULL,
	[create_by] [varchar](64) NULL,
	[create_time] [datetime] NULL,
	[update_by] [varchar](64) NULL,
	[update_time] [datetime] NULL,
	[remark] [varchar](500) NULL,
 CONSTRAINT [PK_sys_notice] PRIMARY KEY CLUSTERED 
(
	[notice_id] ASC
)WITH (PAD_INDEX = OFF, STATISTICS_NORECOMPUTE = OFF, IGNORE_DUP_KEY = OFF, ALLOW_ROW_LOCKS = ON, ALLOW_PAGE_LOCKS = ON) ON [PRIMARY]
) ON [PRIMARY] TEXTIMAGE_ON [PRIMARY]
GO

ALTER TABLE [dbo].[sys_notice] ADD  CONSTRAINT [DF_sys_notice_status]  DEFAULT ((0)) FOR [status]
GO
EXEC sys.sp_addextendedproperty @name=N'MS_Description', @value=N'公告ID' , @level0type=N'SCHEMA',@level0name=N'dbo', @level1type=N'TABLE',@level1name=N'sys_notice', @level2type=N'COLUMN',@level2name=N'notice_id'
GO
EXEC sys.sp_addextendedproperty @name=N'MS_Description', @value=N'公告标题' , @level0type=N'SCHEMA',@level0name=N'dbo', @level1type=N'TABLE',@level1name=N'sys_notice', @level2type=N'COLUMN',@level2name=N'notice_title'
GO
EXEC sys.sp_addextendedproperty @name=N'MS_Description', @value=N'公告类型（1通知 2公告）' , @level0type=N'SCHEMA',@level0name=N'dbo', @level1type=N'TABLE',@level1name=N'sys_notice', @level2type=N'COLUMN',@level2name=N'notice_type'
GO
EXEC sys.sp_addextendedproperty @name=N'MS_Description', @value=N'公告内容' , @level0type=N'SCHEMA',@level0name=N'dbo', @level1type=N'TABLE',@level1name=N'sys_notice', @level2type=N'COLUMN',@level2name=N'notice_content'
GO
EXEC sys.sp_addextendedproperty @name=N'MS_Description', @value=N'状态（0正常 1停用）' , @level0type=N'SCHEMA',@level0name=N'dbo', @level1type=N'TABLE',@level1name=N'sys_notice', @level2type=N'COLUMN',@level2name=N'status'
GO
EXEC sys.sp_addextendedproperty @name=N'MS_Description', @value=N'创建者' , @level0type=N'SCHEMA',@level0name=N'dbo', @level1type=N'TABLE',@level1name=N'sys_notice', @level2type=N'COLUMN',@level2name=N'create_by'
GO
EXEC sys.sp_addextendedproperty @name=N'MS_Description', @value=N'创建时间' , @level0type=N'SCHEMA',@level0name=N'dbo', @level1type=N'TABLE',@level1name=N'sys_notice', @level2type=N'COLUMN',@level2name=N'create_time'
GO
EXEC sys.sp_addextendedproperty @name=N'MS_Description', @value=N'更新者' , @level0type=N'SCHEMA',@level0name=N'dbo', @level1type=N'TABLE',@level1name=N'sys_notice', @level2type=N'COLUMN',@level2name=N'update_by'
GO
EXEC sys.sp_addextendedproperty @name=N'MS_Description', @value=N'更新时间' , @level0type=N'SCHEMA',@level0name=N'dbo', @level1type=N'TABLE',@level1name=N'sys_notice', @level2type=N'COLUMN',@level2name=N'update_time'
GO
EXEC sys.sp_addextendedproperty @name=N'MS_Description', @value=N'备注' , @level0type=N'SCHEMA',@level0name=N'dbo', @level1type=N'TABLE',@level1name=N'sys_notice', @level2type=N'COLUMN',@level2name=N'remark'
GO
EXEC sys.sp_addextendedproperty @name=N'MS_Description', @value=N'通知公告表' , @level0type=N'SCHEMA',@level0name=N'dbo', @level1type=N'TABLE',@level1name=N'sys_notice'
GO

-- ----------------------------
-- 初始化-公告信息表数据
-- ----------------------------
SET IDENTITY_INSERT [dbo].[sys_notice] ON 
GO
INSERT INTO [dbo].[sys_notice] (notice_id, notice_title, notice_type, notice_content, status, create_by, create_time, update_by, update_time, remark) VALUES
('1', '温馨提醒：2018-07-01 若依新版本发布啦', '2', '新版本内容', '0', 'admin', GETDATE(), '', null, '管理员'),
('2', '维护通知：2018-07-01 若依系统凌晨维护', '1', '维护内容',   '0', 'admin', GETDATE(), '', null, '管理员')
GO
SET IDENTITY_INSERT [dbo].[sys_notice] OFF
GO

-- ----------------------------
-- 18、代码生成业务表
-- ----------------------------
IF object_id(N'[dbo].[gen_table]', N'U') IS NOT NULL
	DROP TABLE [dbo].[gen_table]
SET ANSI_NULLS ON
GO
SET QUOTED_IDENTIFIER ON
GO
CREATE TABLE [dbo].[gen_table](
	[table_id] [bigint] IDENTITY(1,1) NOT NULL,
	[table_name] [varchar](200) NOT NULL,
	[table_comment] [varchar](500) NULL,
	[sub_table_name] [varchar](64) NULL,
	[sub_table_fk_name] [varchar](64) NULL,
	[class_name] [varchar](100) NULL,
	[tpl_category] [varchar](200) NULL,
	[package_name] [varchar](100) NULL,
	[module_name] [varchar](30) NULL,
	[business_name] [varchar](30) NULL,
	[function_name] [varchar](50) NULL,
	[function_author] [varchar](50) NULL,
	[gen_type] [char](1) NULL,
	[gen_path] [varchar](200) NULL,
	[options] [varchar](1000) NULL,
	[create_by] [varchar](64) NULL,
	[create_time] [datetime] NULL,
	[update_by] [varchar](64) NULL,
	[update_time] [datetime] NULL,
	[remark] [varchar](500) NULL,
 CONSTRAINT [PK_gen_table] PRIMARY KEY CLUSTERED 
(
	[table_id] ASC
)WITH (PAD_INDEX = OFF, STATISTICS_NORECOMPUTE = OFF, IGNORE_DUP_KEY = OFF, ALLOW_ROW_LOCKS = ON, ALLOW_PAGE_LOCKS = ON) ON [PRIMARY]
) ON [PRIMARY]
GO

ALTER TABLE [dbo].[gen_table] ADD  CONSTRAINT [DF_gen_table_tpl_category]  DEFAULT ('crud') FOR [tpl_category]
GO
ALTER TABLE [dbo].[gen_table] ADD  CONSTRAINT [DF_gen_table_gen_type]  DEFAULT ((0)) FOR [gen_type]
GO
EXEC sys.sp_addextendedproperty @name=N'MS_Description', @value=N'编号' , @level0type=N'SCHEMA',@level0name=N'dbo', @level1type=N'TABLE',@level1name=N'gen_table', @level2type=N'COLUMN',@level2name=N'table_id'
GO
EXEC sys.sp_addextendedproperty @name=N'MS_Description', @value=N'表描述' , @level0type=N'SCHEMA',@level0name=N'dbo', @level1type=N'TABLE',@level1name=N'gen_table', @level2type=N'COLUMN',@level2name=N'table_comment'
GO
EXEC sys.sp_addextendedproperty @name=N'MS_Description', @value=N'关联子表的表名' , @level0type=N'SCHEMA',@level0name=N'dbo', @level1type=N'TABLE',@level1name=N'gen_table', @level2type=N'COLUMN',@level2name=N'sub_table_name'
GO
EXEC sys.sp_addextendedproperty @name=N'MS_Description', @value=N'子表关联的外键名' , @level0type=N'SCHEMA',@level0name=N'dbo', @level1type=N'TABLE',@level1name=N'gen_table', @level2type=N'COLUMN',@level2name=N'sub_table_fk_name'
GO
EXEC sys.sp_addextendedproperty @name=N'MS_Description', @value=N'实体类名称' , @level0type=N'SCHEMA',@level0name=N'dbo', @level1type=N'TABLE',@level1name=N'gen_table', @level2type=N'COLUMN',@level2name=N'class_name'
GO
EXEC sys.sp_addextendedproperty @name=N'MS_Description', @value=N'使用的模板（crud单表操作 tree树表操作）' , @level0type=N'SCHEMA',@level0name=N'dbo', @level1type=N'TABLE',@level1name=N'gen_table', @level2type=N'COLUMN',@level2name=N'tpl_category'
GO
EXEC sys.sp_addextendedproperty @name=N'MS_Description', @value=N'生成包路径' , @level0type=N'SCHEMA',@level0name=N'dbo', @level1type=N'TABLE',@level1name=N'gen_table', @level2type=N'COLUMN',@level2name=N'package_name'
GO
EXEC sys.sp_addextendedproperty @name=N'MS_Description', @value=N'生成模块名' , @level0type=N'SCHEMA',@level0name=N'dbo', @level1type=N'TABLE',@level1name=N'gen_table', @level2type=N'COLUMN',@level2name=N'module_name'
GO
EXEC sys.sp_addextendedproperty @name=N'MS_Description', @value=N'生成业务名' , @level0type=N'SCHEMA',@level0name=N'dbo', @level1type=N'TABLE',@level1name=N'gen_table', @level2type=N'COLUMN',@level2name=N'business_name'
GO
EXEC sys.sp_addextendedproperty @name=N'MS_Description', @value=N'生成功能名' , @level0type=N'SCHEMA',@level0name=N'dbo', @level1type=N'TABLE',@level1name=N'gen_table', @level2type=N'COLUMN',@level2name=N'function_name'
GO
EXEC sys.sp_addextendedproperty @name=N'MS_Description', @value=N'生成功能作者' , @level0type=N'SCHEMA',@level0name=N'dbo', @level1type=N'TABLE',@level1name=N'gen_table', @level2type=N'COLUMN',@level2name=N'function_author'
GO
EXEC sys.sp_addextendedproperty @name=N'MS_Description', @value=N'生成代码方式（0zip压缩包 1自定义路径）' , @level0type=N'SCHEMA',@level0name=N'dbo', @level1type=N'TABLE',@level1name=N'gen_table', @level2type=N'COLUMN',@level2name=N'gen_type'
GO
EXEC sys.sp_addextendedproperty @name=N'MS_Description', @value=N'生成路径（不填默认项目路径）' , @level0type=N'SCHEMA',@level0name=N'dbo', @level1type=N'TABLE',@level1name=N'gen_table', @level2type=N'COLUMN',@level2name=N'gen_path'
GO
EXEC sys.sp_addextendedproperty @name=N'MS_Description', @value=N'其它生成选项' , @level0type=N'SCHEMA',@level0name=N'dbo', @level1type=N'TABLE',@level1name=N'gen_table', @level2type=N'COLUMN',@level2name=N'options'
GO
EXEC sys.sp_addextendedproperty @name=N'MS_Description', @value=N'创建者' , @level0type=N'SCHEMA',@level0name=N'dbo', @level1type=N'TABLE',@level1name=N'gen_table', @level2type=N'COLUMN',@level2name=N'create_by'
GO
EXEC sys.sp_addextendedproperty @name=N'MS_Description', @value=N'创建时间' , @level0type=N'SCHEMA',@level0name=N'dbo', @level1type=N'TABLE',@level1name=N'gen_table', @level2type=N'COLUMN',@level2name=N'create_time'
GO
EXEC sys.sp_addextendedproperty @name=N'MS_Description', @value=N'更新者' , @level0type=N'SCHEMA',@level0name=N'dbo', @level1type=N'TABLE',@level1name=N'gen_table', @level2type=N'COLUMN',@level2name=N'update_by'
GO
EXEC sys.sp_addextendedproperty @name=N'MS_Description', @value=N'更新时间' , @level0type=N'SCHEMA',@level0name=N'dbo', @level1type=N'TABLE',@level1name=N'gen_table', @level2type=N'COLUMN',@level2name=N'update_time'
GO
EXEC sys.sp_addextendedproperty @name=N'MS_Description', @value=N'备注' , @level0type=N'SCHEMA',@level0name=N'dbo', @level1type=N'TABLE',@level1name=N'gen_table', @level2type=N'COLUMN',@level2name=N'remark'
GO
EXEC sys.sp_addextendedproperty @name=N'MS_Description', @value=N'代码生成业务表' , @level0type=N'SCHEMA',@level0name=N'dbo', @level1type=N'TABLE',@level1name=N'gen_table'
GO

-- ----------------------------
-- 19、代码生成业务表字段
-- ----------------------------
IF object_id(N'[dbo].[gen_table_column]', N'U') IS NOT NULL
	DROP TABLE [dbo].[gen_table_column]
SET ANSI_NULLS ON
GO
SET QUOTED_IDENTIFIER ON
GO
CREATE TABLE [dbo].[gen_table_column](
	[column_id] [bigint] IDENTITY(1,1) NOT NULL,
	[table_id] [bigint] NOT NULL,
	[column_name] [varchar](200) NOT NULL,
	[column_comment] [varchar](500) NULL,
	[column_type] [varchar](100) NOT NULL,
	[net_type] [varchar](500) NULL,
	[net_field] [varchar](200) NULL,
	[is_pk] [char](1) NULL,
	[is_increment] [char](1) NULL,
	[is_required] [char](1) NULL,
	[is_insert] [char](1) NULL,
	[is_edit] [char](1) NULL,
	[is_list] [char](1) NULL,
	[is_query] [char](1) NULL,
	[query_type] [varchar](200) NULL,
	[html_type] [varchar](200) NULL,
	[dict_type] [varchar](200) NULL,
	[sort] [int] NULL,
	[create_by] [varchar](64) NULL,
	[create_time] [datetime] NULL,
	[update_by] [varchar](64) NULL,
	[update_time] [datetime] NULL,
 CONSTRAINT [PK_gen_table_column] PRIMARY KEY CLUSTERED 
(
	[column_id] ASC
)WITH (PAD_INDEX = OFF, STATISTICS_NORECOMPUTE = OFF, IGNORE_DUP_KEY = OFF, ALLOW_ROW_LOCKS = ON, ALLOW_PAGE_LOCKS = ON) ON [PRIMARY]
) ON [PRIMARY]
GO

ALTER TABLE [dbo].[gen_table_column] ADD  CONSTRAINT [DF_gen_table_column_query_type]  DEFAULT ('EQ') FOR [query_type]
GO
EXEC sys.sp_addextendedproperty @name=N'MS_Description', @value=N'编号' , @level0type=N'SCHEMA',@level0name=N'dbo', @level1type=N'TABLE',@level1name=N'gen_table_column', @level2type=N'COLUMN',@level2name=N'column_id'
GO
EXEC sys.sp_addextendedproperty @name=N'MS_Description', @value=N'归属表编号' , @level0type=N'SCHEMA',@level0name=N'dbo', @level1type=N'TABLE',@level1name=N'gen_table_column', @level2type=N'COLUMN',@level2name=N'table_id'
GO
EXEC sys.sp_addextendedproperty @name=N'MS_Description', @value=N'列名称' , @level0type=N'SCHEMA',@level0name=N'dbo', @level1type=N'TABLE',@level1name=N'gen_table_column', @level2type=N'COLUMN',@level2name=N'column_name'
GO
EXEC sys.sp_addextendedproperty @name=N'MS_Description', @value=N'列描述' , @level0type=N'SCHEMA',@level0name=N'dbo', @level1type=N'TABLE',@level1name=N'gen_table_column', @level2type=N'COLUMN',@level2name=N'column_comment'
GO
EXEC sys.sp_addextendedproperty @name=N'MS_Description', @value=N'列类型' , @level0type=N'SCHEMA',@level0name=N'dbo', @level1type=N'TABLE',@level1name=N'gen_table_column', @level2type=N'COLUMN',@level2name=N'column_type'
GO
EXEC sys.sp_addextendedproperty @name=N'MS_Description', @value=N'.NET类型' , @level0type=N'SCHEMA',@level0name=N'dbo', @level1type=N'TABLE',@level1name=N'gen_table_column', @level2type=N'COLUMN',@level2name=N'net_type'
GO
EXEC sys.sp_addextendedproperty @name=N'MS_Description', @value=N'.NET字段名' , @level0type=N'SCHEMA',@level0name=N'dbo', @level1type=N'TABLE',@level1name=N'gen_table_column', @level2type=N'COLUMN',@level2name=N'net_field'
GO
EXEC sys.sp_addextendedproperty @name=N'MS_Description', @value=N'是否主键（1是）' , @level0type=N'SCHEMA',@level0name=N'dbo', @level1type=N'TABLE',@level1name=N'gen_table_column', @level2type=N'COLUMN',@level2name=N'is_pk'
GO
EXEC sys.sp_addextendedproperty @name=N'MS_Description', @value=N'是否自增（1是）' , @level0type=N'SCHEMA',@level0name=N'dbo', @level1type=N'TABLE',@level1name=N'gen_table_column', @level2type=N'COLUMN',@level2name=N'is_increment'
GO
EXEC sys.sp_addextendedproperty @name=N'MS_Description', @value=N'是否必填（1是）' , @level0type=N'SCHEMA',@level0name=N'dbo', @level1type=N'TABLE',@level1name=N'gen_table_column', @level2type=N'COLUMN',@level2name=N'is_required'
GO
EXEC sys.sp_addextendedproperty @name=N'MS_Description', @value=N'是否为插入字段（1是）' , @level0type=N'SCHEMA',@level0name=N'dbo', @level1type=N'TABLE',@level1name=N'gen_table_column', @level2type=N'COLUMN',@level2name=N'is_insert'
GO
EXEC sys.sp_addextendedproperty @name=N'MS_Description', @value=N'是否编辑字段（1是）' , @level0type=N'SCHEMA',@level0name=N'dbo', @level1type=N'TABLE',@level1name=N'gen_table_column', @level2type=N'COLUMN',@level2name=N'is_edit'
GO
EXEC sys.sp_addextendedproperty @name=N'MS_Description', @value=N'是否列表字段（1是）' , @level0type=N'SCHEMA',@level0name=N'dbo', @level1type=N'TABLE',@level1name=N'gen_table_column', @level2type=N'COLUMN',@level2name=N'is_list'
GO
EXEC sys.sp_addextendedproperty @name=N'MS_Description', @value=N'是否查询字段（1是）' , @level0type=N'SCHEMA',@level0name=N'dbo', @level1type=N'TABLE',@level1name=N'gen_table_column', @level2type=N'COLUMN',@level2name=N'is_query'
GO
EXEC sys.sp_addextendedproperty @name=N'MS_Description', @value=N'查询方式（等于、不等于、大于、小于、范围）' , @level0type=N'SCHEMA',@level0name=N'dbo', @level1type=N'TABLE',@level1name=N'gen_table_column', @level2type=N'COLUMN',@level2name=N'query_type'
GO
EXEC sys.sp_addextendedproperty @name=N'MS_Description', @value=N'显示类型（文本框、文本域、下拉框、复选框、单选框、日期控件）' , @level0type=N'SCHEMA',@level0name=N'dbo', @level1type=N'TABLE',@level1name=N'gen_table_column', @level2type=N'COLUMN',@level2name=N'html_type'
GO
EXEC sys.sp_addextendedproperty @name=N'MS_Description', @value=N'字典类型' , @level0type=N'SCHEMA',@level0name=N'dbo', @level1type=N'TABLE',@level1name=N'gen_table_column', @level2type=N'COLUMN',@level2name=N'dict_type'
GO
EXEC sys.sp_addextendedproperty @name=N'MS_Description', @value=N'排序' , @level0type=N'SCHEMA',@level0name=N'dbo', @level1type=N'TABLE',@level1name=N'gen_table_column', @level2type=N'COLUMN',@level2name=N'sort'
GO
EXEC sys.sp_addextendedproperty @name=N'MS_Description', @value=N'创建者' , @level0type=N'SCHEMA',@level0name=N'dbo', @level1type=N'TABLE',@level1name=N'gen_table_column', @level2type=N'COLUMN',@level2name=N'create_by'
GO
EXEC sys.sp_addextendedproperty @name=N'MS_Description', @value=N'创建时间' , @level0type=N'SCHEMA',@level0name=N'dbo', @level1type=N'TABLE',@level1name=N'gen_table_column', @level2type=N'COLUMN',@level2name=N'create_time'
GO
EXEC sys.sp_addextendedproperty @name=N'MS_Description', @value=N'更新者' , @level0type=N'SCHEMA',@level0name=N'dbo', @level1type=N'TABLE',@level1name=N'gen_table_column', @level2type=N'COLUMN',@level2name=N'update_by'
GO
EXEC sys.sp_addextendedproperty @name=N'MS_Description', @value=N'更新时间' , @level0type=N'SCHEMA',@level0name=N'dbo', @level1type=N'TABLE',@level1name=N'gen_table_column', @level2type=N'COLUMN',@level2name=N'update_time'
GO
EXEC sys.sp_addextendedproperty @name=N'MS_Description', @value=N'代码生成业务表字段' , @level0type=N'SCHEMA',@level0name=N'dbo', @level1type=N'TABLE',@level1name=N'gen_table_column'
GO